id,first_name,last_name,email,gender,dollar,euro,yen,gbp
1,Andi,Eldon,aeldon0@prweb.com,Female,$81.34,€966,84,¥279.00,£301.15
2,Florinda,Gibbings,fgibbings1@oracle.com,Female,$316.05,€944,52,¥729.07,£695.53
3,Yurik,Dunster,ydunster2@umich.edu,Male,$412.77,€689,37,¥992.30,£743.75
4,Tracie,Peskin,tpeskin3@yale.edu,Male,$146.53,€420,96,¥385.04,£841.45
5,Rita,Bootyman,rbootyman4@drupal.org,Female,$591.87,€699,93,¥377.05,£758.05
6,Lawton,Postlewhite,lpostlewhite5@cnet.com,Male,$997.77,€305,50,¥643.90,£380.46
7,Stevana,Houlison,shoulison6@1688.com,Female,$687.47,€501,55,¥249.94,£133.11
8,Babb,De Luna,bdeluna7@cornell.edu,Female,$804.47,€476,47,¥167.63,£782.35
9,Lorianne,Doulden,ldoulden8@mtv.com,Female,$6.24,€374,02,¥956.27,£201.10
10,Jolie,Fibbitts,jfibbitts9@amazon.co.jp,Female,$295.01,€711,15,¥852.14,£396.69
11,Evania,Siggens,esiggensa@cornell.edu,Female,$307.94,€650,52,¥599.87,£752.87
12,Jessie,Reims,jreimsb@howstuffworks.com,Female,$611.95,€271,79,¥347.55,£954.00
13,Bethena,Honack,bhonackc@oaic.gov.au,Female,$116.94,€242,64,¥226.45,£501.36
14,Harbert,Birkmyr,hbirkmyrd@cloudflare.com,Male,$742.36,€550,41,¥220.42,£263.69
15,Jeanette,Berkery,jberkerye@wufoo.com,Female,$844.09,€258,62,¥353.73,£859.63
16,Cord,Kilfoyle,ckilfoylef@taobao.com,Male,$36.63,€570,33,¥331.38,£130.60
17,Gris,Cowland,gcowlandg@de.vu,Male,$551.77,€696,62,¥672.11,£495.19
18,Devlen,Ballsdon,dballsdonh@ihg.com,Male,$610.42,€966,66,¥333.62,£400.56
19,Bette-ann,Binnell,bbinnelli@paginegialle.it,Female,$84.54,€927,83,¥471.57,£396.97
20,Isaak,des Remedios,idesremediosj@weibo.com,Male,$748.64,€27,77,¥794.91,£641.26
21,Alley,Crewe,acrewek@hc360.com,Male,$394.89,€494,63,¥635.79,£633.13
22,Preston,Prozescky,pprozesckyl@theglobeandmail.com,Male,$291.70,€63,31,¥741.75,£278.27
23,Padriac,Baigent,pbaigentm@google.ca,Male,$467.08,€206,34,¥82.10,£889.02
24,Heinrick,Dwane,hdwanen@homestead.com,Male,$233.79,€584,39,¥193.70,£584.29
25,Mata,Luno,mlunoo@amazonaws.com,Male,$86.71,€379,08,¥440.33,£625.66
26,Bette,Hynard,bhynardp@weather.com,Female,$32.20,€760,59,¥10.92,£437.29
27,Gualterio,Martinovic,gmartinovicq@ask.com,Male,$730.79,€352,36,¥839.29,£516.24
28,Judon,Ashbey,jashbeyr@tripod.com,Male,$20.28,€826,72,¥669.13,£514.38
29,Emmanuel,Behan,ebehans@mozilla.org,Male,$989.90,€778,55,¥445.21,£969.35
30,Ernie,Riseborough,eriseborought@hibu.com,Male,$392.42,€450,54,¥93.07,£450.38
31,Trisha,Farrington,tfarringtonu@artisteer.com,Female,$406.18,€582,97,¥770.04,£64.47
32,Dyanna,Connikie,dconnikiev@weibo.com,Female,$975.98,€833,47,¥606.03,£449.89
33,Conant,Hickin,chickinw@accuweather.com,Male,$918.01,€218,45,¥5.62,£460.03
34,Sherilyn,Bostock,sbostockx@epa.gov,Female,$278.01,€168,91,¥617.91,£530.04
35,Florry,Brailey,fbraileyy@mlb.com,Female,$893.10,€921,20,¥311.52,£753.95
36,Vick,Ormrod,vormrodz@liveinternet.ru,Male,$112.94,€734,08,¥337.89,£9.11
37,Bronnie,Archley,barchley10@marriott.com,Male,$727.10,€793,76,¥223.30,£364.70
38,Ario,Comford,acomford11@scribd.com,Male,$911.69,€731,71,¥292.45,£377.50
39,Elenore,Letchmore,eletchmore12@cyberchimps.com,Female,$772.23,€829,37,¥799.06,£53.62
40,Rikki,Gundry,rgundry13@cocolog-nifty.com,Female,$639.49,€589,11,¥386.39,£839.53
41,Hayward,Afield,hafield14@psu.edu,Male,$378.71,€674,78,¥332.56,£408.96
42,Thaine,Autry,tautry15@networkadvertising.org,Male,$149.56,€525,92,¥253.10,£121.59
43,Quinton,Pacitti,qpacitti16@microsoft.com,Male,$893.24,€21,34,¥721.34,£490.86
44,Robenia,Stonhard,rstonhard17@elegantthemes.com,Female,$791.49,€627,86,¥930.22,£695.66
45,Gilberto,Derdes,gderdes18@yelp.com,Male,$2.21,€505,70,¥821.95,£991.29
46,Corrie,Pfleger,cpfleger19@salon.com,Male,$6.81,€833,74,¥276.84,£407.63
47,Ambrosio,Pardon,apardon1a@feedburner.com,Male,$844.02,€348,60,¥909.59,£110.43
48,Kaia,Boak,kboak1b@ovh.net,Female,$408.06,€18,42,¥247.83,£156.11
49,Cassandre,Badrick,cbadrick1c@mozilla.org,Female,$704.46,€326,65,¥467.27,£972.14
50,Filmore,Tebbut,ftebbut1d@yale.edu,Male,$703.75,€840,93,¥542.58,£277.85
51,Felicio,Coomes,fcoomes1e@qq.com,Male,$417.73,€168,74,¥197.84,£890.78
52,Jocelin,Bowater,jbowater1f@desdev.cn,Female,$704.48,€240,04,¥546.62,£353.91
53,Cozmo,Scoullar,cscoullar1g@upenn.edu,Male,$744.59,€73,57,¥309.21,£167.11
54,Celie,Ding,cding1h@usda.gov,Female,$70.83,€112,78,¥733.86,£876.75
55,Trueman,Plows,tplows1i@bing.com,Male,$365.68,€882,81,¥292.05,£65.73
56,Fredrick,Verrillo,fverrillo1j@soup.io,Male,$606.84,€527,60,¥372.83,£76.85
57,Silvano,Barthel,sbarthel1k@earthlink.net,Male,$290.95,€825,09,¥267.11,£746.45
58,Sukey,Carsberg,scarsberg1l@devhub.com,Female,$472.19,€537,70,¥619.19,£149.60
59,Maressa,De Maria,mdemaria1m@timesonline.co.uk,Female,$138.63,€970,71,¥736.75,£379.90
60,Tobie,Firbanks,tfirbanks1n@cam.ac.uk,Male,$589.77,€960,00,¥778.51,£915.73
61,Todd,Barz,tbarz1o@dropbox.com,Male,$14.50,€578,29,¥56.42,£202.23
62,Silvana,Loutheane,sloutheane1p@oaic.gov.au,Female,$477.19,€882,26,¥86.09,£340.94
63,Vally,Gherarducci,vgherarducci1q@list-manage.com,Female,$374.90,€615,63,¥356.07,£480.56
64,Leshia,Lidell,llidell1r@cisco.com,Female,$659.98,€786,31,¥698.04,£895.25
65,Taber,Sarchwell,tsarchwell1s@businessweek.com,Male,$925.03,€184,59,¥505.83,£616.06
66,Kenn,Hortop,khortop1t@unblog.fr,Male,$425.20,€778,01,¥875.91,£786.00
67,Brady,Mooney,bmooney1u@about.com,Male,$823.18,€722,41,¥839.48,£153.27
68,Farrell,Ortelt,fortelt1v@webnode.com,Male,$549.87,€473,60,¥23.85,£159.88
69,Renato,Leggon,rleggon1w@stumbleupon.com,Male,$362.00,€527,28,¥39.29,£235.90
70,Dael,Tivers,dtivers1x@webeden.co.uk,Male,$101.73,€340,74,¥133.25,£805.11
71,Cyndie,Barrowcliff,cbarrowcliff1y@weebly.com,Female,$282.04,€459,49,¥543.57,£753.36
72,Denver,Attenburrow,dattenburrow1z@github.io,Male,$883.94,€780,75,¥360.95,£581.89
73,Jamal,Ferries,jferries20@mozilla.org,Male,$557.34,€522,53,¥332.60,£611.46
74,Abdel,Brekonridge,abrekonridge21@studiopress.com,Male,$725.26,€571,98,¥875.46,£512.00
75,Skipper,Freire,sfreire22@odnoklassniki.ru,Male,$726.16,€210,47,¥574.58,£264.62
76,Berna,Lease,blease23@cyberchimps.com,Female,$128.07,€676,98,¥675.17,£34.70
77,Norry,Cornbill,ncornbill24@lulu.com,Male,$323.23,€268,36,¥101.80,£504.09
78,Park,Albertson,palbertson25@woothemes.com,Male,$878.34,€686,59,¥229.50,£342.40
79,Flossy,Reynold,freynold26@arizona.edu,Female,$346.51,€147,77,¥791.61,£370.71
80,Claudia,Barrim,cbarrim27@bloglovin.com,Female,$234.94,€331,31,¥493.43,£116.70
81,Inglis,Spurgeon,ispurgeon28@blog.com,Male,$595.36,€543,61,¥950.07,£952.77
82,Zarah,Tinklin,ztinklin29@addthis.com,Female,$261.71,€896,64,¥864.99,£176.56
83,Field,Grewar,fgrewar2a@opensource.org,Male,$729.44,€715,38,¥116.29,£486.08
84,Tulley,Reisin,treisin2b@mozilla.org,Male,$749.09,€847,50,¥257.76,£959.82
85,Ennis,Jannings,ejannings2c@intel.com,Male,$525.34,€565,90,¥135.28,£307.80
86,Thaine,Checo,tcheco2d@reverbnation.com,Male,$364.92,€427,84,¥798.78,£36.04
87,Creighton,Stych,cstych2e@cbc.ca,Male,$31.73,€909,12,¥256.00,£365.21
88,Donal,Lindeberg,dlindeberg2f@networkadvertising.org,Male,$731.37,€688,17,¥482.44,£202.01
89,Ashla,Chard,achard2g@artisteer.com,Female,$350.24,€536,04,¥831.33,£918.30
90,Jarrod,Lillistone,jlillistone2h@wikispaces.com,Male,$305.56,€675,07,¥409.00,£565.75
91,Savina,Gudd,sgudd2i@mac.com,Female,$179.02,€624,38,¥339.63,£972.51
92,Marcile,Uebel,muebel2j@chronoengine.com,Female,$803.08,€825,18,¥526.47,£227.97
93,Ray,McEvilly,rmcevilly2k@symantec.com,Female,$787.02,€379,37,¥301.63,£589.12
94,Petey,Demicoli,pdemicoli2l@sohu.com,Male,$328.00,€702,37,¥515.06,£847.92
95,Claretta,Seaking,cseaking2m@sciencedaily.com,Female,$286.57,€266,40,¥764.86,£226.45
96,Filmer,Smythin,fsmythin2n@jiathis.com,Male,$333.72,€731,35,¥496.23,£240.22
97,Lianne,Lagadu,llagadu2o@hugedomains.com,Female,$562.44,€228,13,¥118.54,£278.90
98,Hubey,Coil,hcoil2p@goo.gl,Male,$198.97,€409,20,¥422.60,£983.95
99,Lu,Ealles,lealles2q@hao123.com,Female,$612.49,€384,84,¥289.86,£794.37
100,Chelsy,Yerborn,cyerborn2r@last.fm,Female,$851.49,€938,54,¥636.67,£592.87
101,Marketa,Howieson,mhowieson2s@hhs.gov,Female,$803.00,€546,18,¥449.13,£452.79
102,Zachariah,Eick,zeick2t@craigslist.org,Male,$35.18,€938,34,¥785.29,£733.31
103,Rennie,Klaassens,rklaassens2u@imageshack.us,Female,$833.02,€658,61,¥896.08,£918.40
104,Toni,Reilly,treilly2v@nsw.gov.au,Female,$712.29,€96,51,¥247.64,£58.50
105,Marvin,Glossup,mglossup2w@quantcast.com,Male,$849.01,€703,77,¥993.11,£220.29
106,Erik,Moodycliffe,emoodycliffe2x@mozilla.com,Male,$44.01,€104,54,¥471.36,£181.18
107,Caleb,Pellett,cpellett2y@wisc.edu,Male,$509.05,€314,71,¥131.96,£271.09
108,Lolita,Bunford,lbunford2z@sina.com.cn,Female,$90.73,€58,56,¥914.29,£729.33
109,Ula,Barday,ubarday30@noaa.gov,Female,$27.45,€172,59,¥159.87,£271.68
110,Caressa,McGhie,cmcghie31@blogs.com,Female,$970.49,€777,00,¥388.85,£188.97
111,Jude,Tant,jtant32@psu.edu,Male,$877.53,€859,53,¥438.49,£968.47
112,Leo,Aronovich,laronovich33@devhub.com,Male,$688.96,€291,78,¥516.00,£11.77
113,Alvan,Lode,alode34@mozilla.org,Male,$857.40,€763,98,¥367.91,£894.16
114,Thurstan,Orcas,torcas35@adobe.com,Male,$518.09,€590,87,¥503.27,£76.46
115,La verne,Guise,lguise36@hud.gov,Female,$270.75,€938,76,¥352.10,£211.48
116,Sutherland,Kobera,skobera37@seesaa.net,Male,$186.34,€706,22,¥802.13,£611.33
117,Emery,Jehan,ejehan38@w3.org,Male,$336.26,€238,81,¥649.65,£770.76
118,Elvyn,Dunsmuir,edunsmuir39@wikipedia.org,Male,$926.40,€216,59,¥280.79,£507.12
119,Nettle,Money,nmoney3a@lycos.com,Female,$146.58,€198,07,¥74.38,£317.28
120,Marcelia,Hinckes,mhinckes3b@plala.or.jp,Female,$562.27,€533,14,¥138.16,£464.54
121,Mandy,Hagyard,mhagyard3c@sciencedirect.com,Female,$285.48,€720,87,¥297.02,£671.46
122,Isadora,Seak,iseak3d@webmd.com,Female,$654.91,€641,90,¥946.40,£94.96
123,Glynda,Mattisson,gmattisson3e@oaic.gov.au,Female,$663.39,€990,16,¥126.11,£827.88
124,Gerri,Shiliton,gshiliton3f@ucsd.edu,Male,$125.81,€746,79,¥484.24,£628.81
125,Natka,Godfree,ngodfree3g@i2i.jp,Female,$775.89,€105,10,¥501.42,£61.62
126,Ekaterina,MacGebenay,emacgebenay3h@mapy.cz,Female,$603.97,€418,16,¥336.32,£578.17
127,Beltran,Wort,bwort3i@oaic.gov.au,Male,$671.98,€765,25,¥614.53,£49.41
128,Ninnetta,Flounders,nflounders3j@etsy.com,Female,$122.46,€653,82,¥202.62,£115.29
129,Hillard,Connar,hconnar3k@blogger.com,Male,$380.08,€782,58,¥71.43,£263.77
130,Reeba,Lefwich,rlefwich3l@columbia.edu,Female,$984.11,€542,42,¥193.09,£786.55
131,Pat,Simionescu,psimionescu3m@wikimedia.org,Male,$247.03,€286,01,¥47.39,£446.65
132,Eziechiele,Grierson,egrierson3n@csmonitor.com,Male,$235.78,€597,31,¥683.18,£947.85
133,Jacinthe,Brideoke,jbrideoke3o@cpanel.net,Female,$123.29,€425,73,¥487.40,£557.06
134,Shaun,Pietron,spietron3p@seesaa.net,Male,$663.30,€585,10,¥743.29,£388.59
135,Sella,Cubbin,scubbin3q@comsenz.com,Female,$447.03,€303,11,¥705.63,£940.40
136,Ermina,Lyness,elyness3r@pagesperso-orange.fr,Female,$755.90,€525,51,¥417.51,£447.30
137,Salomon,Dagless,sdagless3s@joomla.org,Male,$327.11,€685,41,¥714.69,£584.70
138,Sarge,Wingham,swingham3t@spiegel.de,Male,$668.57,€575,14,¥487.87,£291.39
139,Rhona,Aldam,raldam3u@comcast.net,Female,$150.10,€364,12,¥969.09,£925.51
140,Shelbi,Waskett,swaskett3v@patch.com,Female,$631.48,€47,55,¥28.37,£527.23
141,Wallache,Mozzi,wmozzi3w@netvibes.com,Male,$799.93,€249,31,¥943.54,£374.86
142,Dillon,Domleo,ddomleo3x@walmart.com,Male,$967.53,€608,31,¥956.85,£29.31
143,Kesley,Fullun,kfullun3y@chicagotribune.com,Female,$908.88,€520,24,¥639.02,£57.33
144,Tam,Capron,tcapron3z@pbs.org,Male,$441.78,€966,90,¥92.13,£848.29
145,Sharon,Geldart,sgeldart40@cmu.edu,Female,$382.53,€123,84,¥278.95,£698.05
146,Marybelle,Swales,mswales41@constantcontact.com,Female,$876.07,€872,16,¥136.77,£610.96
147,Dmitri,Woolham,dwoolham42@walmart.com,Male,$555.68,€849,69,¥488.01,£107.53
148,Rosene,Russon,rrusson43@wikia.com,Female,$835.91,€641,84,¥411.65,£461.37
149,Avigdor,Linck,alinck44@ezinearticles.com,Male,$19.50,€946,62,¥331.48,£255.18
150,Brewer,Chessill,bchessill45@mapquest.com,Male,$901.69,€546,98,¥607.69,£920.82
151,Carly,Waliszewski,cwaliszewski46@unicef.org,Female,$378.01,€93,59,¥671.04,£902.79
152,Meagan,Carlton,mcarlton47@myspace.com,Female,$22.43,€615,11,¥294.56,£859.10
153,Virge,Gavozzi,vgavozzi48@list-manage.com,Male,$221.54,€148,10,¥627.14,£579.35
154,Jehanna,Noble,jnoble49@devhub.com,Female,$245.88,€971,40,¥554.39,£416.81
155,Diane,Ivanovic,divanovic4a@europa.eu,Female,$595.81,€611,45,¥211.75,£152.20
156,Genny,Hallad,ghallad4b@intel.com,Female,$316.52,€302,42,¥931.74,£73.30
157,Eadmund,Pigot,epigot4c@un.org,Male,$72.65,€870,40,¥600.06,£523.04
158,Robin,Whitland,rwhitland4d@php.net,Male,$687.64,€263,01,¥537.89,£384.18
159,Celka,Thomason,cthomason4e@friendfeed.com,Female,$577.54,€752,33,¥203.37,£163.98
160,Feliks,Vasnev,fvasnev4f@gizmodo.com,Male,$519.44,€373,92,¥2.84,£244.42
161,Geoff,Cahillane,gcahillane4g@ucoz.com,Male,$389.62,€957,01,¥748.32,£839.07
162,Janka,Bythway,jbythway4h@yahoo.com,Female,$505.51,€283,73,¥840.57,£560.58
163,Angil,Ayres,aayres4i@lulu.com,Female,$237.81,€846,96,¥726.85,£957.43
164,Rock,Ashwell,rashwell4j@biblegateway.com,Male,$544.38,€1,06,¥757.53,£687.93
165,Valeda,Emmott,vemmott4k@weibo.com,Female,$934.33,€329,31,¥326.78,£965.40
166,Corrianne,Inglesfield,cinglesfield4l@nba.com,Female,$166.65,€142,67,¥404.58,£295.02
167,Jodi,Beecraft,jbeecraft4m@dyndns.org,Female,$970.11,€102,45,¥68.37,£984.11
168,Dorri,Haps,dhaps4n@eventbrite.com,Female,$922.51,€366,24,¥303.11,£431.35
169,Fremont,Eddowis,feddowis4o@tinyurl.com,Male,$354.58,€866,63,¥642.49,£240.24
170,Mac,Duffett,mduffett4p@marriott.com,Male,$235.15,€926,40,¥216.89,£449.99
171,Kellyann,Pacey,kpacey4q@loc.gov,Female,$99.16,€383,06,¥439.76,£198.24
172,Guenevere,Pilsworth,gpilsworth4r@patch.com,Female,$211.92,€221,07,¥694.26,£813.53
173,Lodovico,Burne,lburne4s@mit.edu,Male,$676.14,€681,85,¥880.13,£138.90
174,Swen,Massinger,smassinger4t@surveymonkey.com,Male,$114.82,€860,49,¥836.23,£31.28
175,Kirsten,Stoacley,kstoacley4u@yahoo.co.jp,Female,$686.50,€245,95,¥374.99,£574.76
176,Karoly,Aylmore,kaylmore4v@cdbaby.com,Female,$138.41,€573,96,¥960.72,£349.99
177,Diarmid,Catterson,dcatterson4w@paginegialle.it,Male,$752.71,€412,90,¥447.01,£499.74
178,Tandy,Ginsie,tginsie4x@opera.com,Female,$693.57,€684,06,¥864.97,£746.88
179,Xymenes,Allender,xallender4y@topsy.com,Male,$956.66,€571,94,¥692.98,£607.86
180,Wendeline,Goodricke,wgoodricke4z@usatoday.com,Female,$279.61,€954,97,¥343.21,£385.73
181,Aldis,Kermath,akermath50@shinystat.com,Male,$761.26,€916,42,¥418.02,£179.02
182,Winny,Donaghy,wdonaghy51@chicagotribune.com,Male,$231.73,€158,72,¥820.33,£591.16
183,Granger,Hamsley,ghamsley52@purevolume.com,Male,$996.96,€792,80,¥952.08,£532.42
184,Granville,O'Cahey,gocahey53@sohu.com,Male,$680.72,€469,91,¥938.69,£85.26
185,Bert,Linsey,blinsey54@twitpic.com,Male,$411.39,€835,05,¥475.17,£297.79
186,Filmer,Jeandin,fjeandin55@icio.us,Male,$850.61,€63,83,¥624.63,£214.38
187,Lamond,Pering,lpering56@virginia.edu,Male,$269.85,€321,50,¥401.19,£354.85
188,Patsy,Lunney,plunney57@hugedomains.com,Male,$75.72,€931,02,¥489.38,£337.28
189,Ian,Buckleigh,ibuckleigh58@narod.ru,Male,$396.09,€777,59,¥722.27,£540.12
190,Lucy,Roblett,lroblett59@w3.org,Female,$969.81,€433,99,¥69.74,£715.40
191,Kit,Noar,knoar5a@va.gov,Female,$476.50,€591,43,¥784.70,£120.42
192,Ingaborg,Sans,isans5b@smugmug.com,Female,$235.98,€57,25,¥535.68,£593.90
193,Giustina,Landsberg,glandsberg5c@dion.ne.jp,Female,$344.96,€287,95,¥406.40,£725.11
194,Colver,Gadie,cgadie5d@dedecms.com,Male,$442.27,€356,79,¥646.94,£174.09
195,Bertrand,Guare,bguare5e@ow.ly,Male,$453.50,€929,10,¥654.88,£835.83
196,Pierson,Crickmoor,pcrickmoor5f@ed.gov,Male,$329.23,€256,58,¥718.92,£82.83
197,Florencia,Barnaby,fbarnaby5g@pen.io,Female,$704.74,€212,18,¥149.55,£506.51
198,Halette,Trevance,htrevance5h@ucsd.edu,Female,$149.88,€312,32,¥654.09,£395.28
199,Jacquette,Marioneau,jmarioneau5i@goo.gl,Female,$720.58,€906,75,¥390.09,£231.85
200,Sayre,Poltone,spoltone5j@hhs.gov,Female,$995.69,€148,29,¥925.35,£440.84
201,Cletis,Semour,csemour5k@amazon.co.jp,Male,$316.08,€157,37,¥45.80,£8.86
202,Verile,Brinkman,vbrinkman5l@acquirethisname.com,Female,$806.05,€411,34,¥195.86,£562.04
203,Karolina,Grahame,kgrahame5m@samsung.com,Female,$298.66,€353,02,¥489.67,£243.59
204,Raychel,MacConnechie,rmacconnechie5n@bloglines.com,Female,$208.17,€334,72,¥94.55,£196.27
205,Kikelia,Andrault,kandrault5o@hugedomains.com,Female,$272.97,€588,59,¥319.26,£163.44
206,Kit,Kobierra,kkobierra5p@infoseek.co.jp,Male,$449.60,€130,17,¥404.24,£805.60
207,Marys,Dicken,mdicken5q@newsvine.com,Female,$866.63,€637,20,¥705.82,£919.79
208,Lotty,Bilney,lbilney5r@un.org,Female,$565.70,€389,81,¥665.80,£662.01
209,Stephannie,Greed,sgreed5s@prweb.com,Female,$56.62,€275,75,¥953.78,£642.15
210,Kirstin,Wilks,kwilks5t@techcrunch.com,Female,$81.22,€825,67,¥387.85,£870.73
211,Noemi,Chatelet,nchatelet5u@vimeo.com,Female,$443.99,€606,35,¥670.69,£92.76
212,Myranda,Cardenas,mcardenas5v@github.io,Female,$827.28,€969,04,¥749.61,£357.53
213,Pepita,Fuentes,pfuentes5w@squidoo.com,Female,$994.33,€414,58,¥780.15,£745.03
214,Nolie,Gatland,ngatland5x@nyu.edu,Female,$156.50,€562,09,¥628.23,£926.28
215,Kyle,McGarahan,kmcgarahan5y@narod.ru,Male,$115.67,€751,42,¥312.18,£788.96
216,Noell,Puddephatt,npuddephatt5z@google.de,Female,$984.36,€483,63,¥608.04,£611.16
217,Lanna,Kiossel,lkiossel60@booking.com,Female,$947.09,€704,08,¥683.20,£715.34
218,Freemon,Yelden,fyelden61@engadget.com,Male,$777.55,€868,51,¥473.95,£931.05
219,Judy,Erskine Sandys,jerskinesandys62@go.com,Female,$939.75,€708,15,¥524.99,£537.27
220,Sherilyn,Naisby,snaisby63@photobucket.com,Female,$334.56,€757,71,¥758.47,£759.37
221,Mahmoud,Golson,mgolson64@discovery.com,Male,$166.03,€301,76,¥223.65,£86.18
222,Gav,Oldred,goldred65@illinois.edu,Male,$774.31,€306,11,¥402.23,£989.47
223,Dorie,Von Salzberg,dvonsalzberg66@geocities.jp,Male,$310.05,€52,75,¥272.73,£287.33
224,Margarette,Woodyeare,mwoodyeare67@chicagotribune.com,Female,$153.62,€153,97,¥173.71,£48.84
225,Alisa,Lapthorne,alapthorne68@reverbnation.com,Female,$193.01,€366,33,¥709.47,£317.83
226,Ferrell,Hadny,fhadny69@wordpress.com,Male,$209.41,€234,94,¥220.11,£611.19
227,Beniamino,Braysher,bbraysher6a@whitehouse.gov,Male,$646.76,€15,21,¥388.31,£723.37
228,Lawton,Mordey,lmordey6b@addtoany.com,Male,$0.08,€684,15,¥765.93,£206.91
229,Zeke,Triner,ztriner6c@yellowpages.com,Male,$415.61,€502,30,¥542.62,£928.58
230,Cullan,Lyptrade,clyptrade6d@ucla.edu,Male,$149.98,€950,01,¥978.65,£528.83
231,Dulsea,Coleman,dcoleman6e@studiopress.com,Female,$484.03,€922,31,¥362.60,£951.79
232,Klarika,Ciobotaru,kciobotaru6f@ustream.tv,Female,$296.06,€625,46,¥121.71,£317.88
233,Boyd,Sandys,bsandys6g@yelp.com,Male,$84.63,€79,80,¥90.01,£270.88
234,Rina,Martignon,rmartignon6h@squidoo.com,Female,$255.59,€771,36,¥363.83,£738.35
235,Lucia,Poacher,lpoacher6i@mapquest.com,Female,$791.12,€479,18,¥775.46,£872.51
236,Gabbie,Danilovich,gdanilovich6j@delicious.com,Female,$91.47,€249,97,¥602.41,£337.50
237,Anastasie,Ruter,aruter6k@indiegogo.com,Female,$329.79,€354,46,¥425.00,£956.47
238,Stearne,Scholler,sscholler6l@weather.com,Male,$118.85,€191,78,¥226.82,£367.24
239,Quentin,Feldmann,qfeldmann6m@youku.com,Male,$321.63,€11,11,¥860.37,£598.26
240,Scarlett,Impy,simpy6n@example.com,Female,$464.67,€740,88,¥511.36,£816.59
241,Timothea,Knotton,tknotton6o@free.fr,Female,$723.34,€653,44,¥893.43,£208.30
242,Wald,Batisse,wbatisse6p@unc.edu,Male,$485.10,€377,11,¥834.54,£615.28
243,Prince,Merrilees,pmerrilees6q@cbsnews.com,Male,$196.06,€751,05,¥424.51,£939.95
244,Lara,Loughman,lloughman6r@fda.gov,Female,$852.38,€329,47,¥44.75,£591.58
245,Henri,Mumbey,hmumbey6s@wufoo.com,Male,$103.37,€820,58,¥602.55,£570.22
246,Ynes,Kesper,ykesper6t@jugem.jp,Female,$132.74,€339,78,¥646.66,£673.50
247,Kalil,Gillions,kgillions6u@arstechnica.com,Male,$896.22,€790,06,¥885.06,£89.87
248,Celie,Ronan,cronan6v@ning.com,Female,$600.45,€613,66,¥279.71,£689.44
249,Willard,Knappett,wknappett6w@twitpic.com,Male,$872.15,€158,44,¥884.29,£486.19
250,Jarret,Lieb,jlieb6x@cpanel.net,Male,$616.84,€787,59,¥620.94,£882.53
251,Cecilla,Blogg,cblogg6y@gmpg.org,Female,$10.43,€477,86,¥916.14,£922.84
252,Chet,Tomik,ctomik6z@homestead.com,Male,$610.82,€298,98,¥308.07,£127.95
253,Oliviero,Hair,ohair70@tiny.cc,Male,$279.03,€671,23,¥777.94,£233.60
254,Parnell,Bridden,pbridden71@cnn.com,Male,$240.46,€998,49,¥975.02,£59.52
255,Jessika,Ferraraccio,jferraraccio72@sogou.com,Female,$595.88,€912,31,¥958.85,£105.60
256,Cecily,Eldrett,celdrett73@1688.com,Female,$645.94,€805,07,¥763.50,£678.48
257,Goddart,Puddefoot,gpuddefoot74@usnews.com,Male,$560.60,€257,78,¥680.10,£676.77
258,Adrianne,Kretchmer,akretchmer75@craigslist.org,Female,$845.09,€533,15,¥820.35,£822.34
259,Corrianne,Hampe,champe76@forbes.com,Female,$606.87,€736,10,¥730.39,£17.79
260,Dora,Josephov,djosephov77@accuweather.com,Female,$102.44,€35,85,¥64.63,£68.73
261,Niko,Blakeden,nblakeden78@theguardian.com,Male,$416.98,€28,08,¥223.55,£232.02
262,Donal,Brownbridge,dbrownbridge79@hexun.com,Male,$610.43,€402,53,¥18.80,£520.55
263,Lorrie,Knowling,lknowling7a@aboutads.info,Male,$597.98,€468,23,¥993.74,£538.93
264,Baldwin,Napolitano,bnapolitano7b@linkedin.com,Male,$358.28,€555,32,¥492.99,£881.71
265,Antonetta,Kier,akier7c@devhub.com,Female,$651.48,€995,67,¥78.87,£214.05
266,Danella,Grestye,dgrestye7d@typepad.com,Female,$528.69,€775,90,¥566.62,£776.58
267,Bridie,Grigoire,bgrigoire7e@cocolog-nifty.com,Female,$553.37,€488,03,¥808.26,£513.80
268,Waylin,O'Leagham,woleagham7f@amazon.com,Male,$229.01,€119,00,¥241.19,£173.89
269,Natale,Megahey,nmegahey7g@a8.net,Male,$923.17,€825,36,¥321.37,£253.11
270,Adrien,Hadeke,ahadeke7h@weebly.com,Male,$19.72,€370,96,¥240.07,£133.73
271,Burton,Kislingbury,bkislingbury7i@webmd.com,Male,$514.18,€907,33,¥750.54,£895.34
272,Lisetta,Drummer,ldrummer7j@webmd.com,Female,$26.77,€622,82,¥888.27,£985.20
273,Brear,Ciementini,bciementini7k@list-manage.com,Female,$561.18,€179,13,¥559.06,£664.81
274,Shanta,Felipe,sfelipe7l@twitpic.com,Female,$279.51,€679,61,¥413.80,£402.34
275,Billie,Sheeres,bsheeres7m@moonfruit.com,Female,$562.66,€359,70,¥899.77,£981.81
276,Luella,Goldberg,lgoldberg7n@harvard.edu,Female,$478.90,€416,77,¥322.77,£400.05
277,Nap,Skip,nskip7o@imgur.com,Male,$547.11,€925,78,¥393.43,£83.06
278,Fleming,Lauks,flauks7p@g.co,Male,$241.60,€370,72,¥720.28,£707.88
279,Alyssa,Graben,agraben7q@china.com.cn,Female,$631.11,€948,61,¥888.73,£657.63
280,Rufe,Oatley,roatley7r@cloudflare.com,Male,$355.45,€337,71,¥7.95,£703.29
281,Golda,Taylorson,gtaylorson7s@sciencedirect.com,Female,$672.82,€993,44,¥333.74,£462.37
282,Sabina,Bernakiewicz,sbernakiewicz7t@time.com,Female,$79.10,€16,71,¥130.85,£318.32
283,Karen,Matzke,kmatzke7u@intel.com,Female,$812.49,€556,93,¥931.34,£49.01
284,Raviv,Parton,rparton7v@fastcompany.com,Male,$264.83,€393,60,¥822.87,£979.71
285,Thurston,Scowcroft,tscowcroft7w@slashdot.org,Male,$409.69,€1,88,¥401.58,£149.84
286,Basil,Laundon,blaundon7x@dot.gov,Male,$78.36,€78,69,¥942.93,£317.37
287,Quint,Neljes,qneljes7y@nifty.com,Male,$524.51,€826,37,¥233.20,£636.34
288,Nessy,Pitkaithly,npitkaithly7z@ebay.com,Female,$423.58,€775,80,¥260.16,£136.96
289,Winifield,Gavrieli,wgavrieli80@wired.com,Male,$814.71,€868,71,¥139.65,£79.64
290,Bradley,Humby,bhumby81@jigsy.com,Male,$513.67,€557,98,¥739.16,£858.98
291,Emlynn,Yuill,eyuill82@arstechnica.com,Female,$235.92,€419,51,¥396.38,£768.03
292,Laney,Realff,lrealff83@hibu.com,Female,$423.76,€739,57,¥559.81,£302.12
293,Jesselyn,Gligorijevic,jgligorijevic84@digg.com,Female,$991.13,€986,45,¥654.99,£282.49
294,Casper,Nehlsen,cnehlsen85@de.vu,Male,$15.38,€740,23,¥48.98,£721.24
295,Alexis,Giacomuzzi,agiacomuzzi86@blogger.com,Male,$681.19,€450,77,¥145.57,£824.94
296,Elsworth,Coll,ecoll87@hp.com,Male,$532.05,€190,36,¥724.37,£981.49
297,Martino,Jessope,mjessope88@pbs.org,Male,$365.17,€678,08,¥578.19,£892.68
298,Gerhardt,McGaughie,gmcgaughie89@tamu.edu,Male,$534.25,€603,19,¥86.36,£628.83
299,Giffie,Curson,gcurson8a@flickr.com,Male,$681.35,€659,25,¥2.00,£926.75
300,Raymund,Ainsworth,rainsworth8b@illinois.edu,Male,$347.14,€280,83,¥502.84,£209.58
301,Vale,Hartigan,vhartigan8c@amazon.de,Male,$3.60,€80,85,¥243.04,£778.11
302,Esdras,England,eengland8d@tripadvisor.com,Male,$80.74,€454,04,¥86.54,£575.54
303,Katy,Draco,kdraco8e@sina.com.cn,Female,$437.63,€913,95,¥71.90,£460.39
304,Sidonnie,Mattys,smattys8f@reverbnation.com,Female,$541.27,€338,25,¥985.84,£845.40
305,Garek,Elsdon,gelsdon8g@rediff.com,Male,$107.89,€933,38,¥575.69,£897.43
306,Dorolice,Lowles,dlowles8h@paginegialle.it,Female,$722.52,€262,10,¥966.70,£719.93
307,Wendeline,Godrich,wgodrich8i@cdc.gov,Female,$283.14,€858,93,¥687.39,£140.86
308,Brenn,Rosi,brosi8j@mtv.com,Female,$246.15,€489,74,¥577.25,£601.42
309,Ollie,Plomer,oplomer8k@indiatimes.com,Female,$124.93,€804,89,¥975.43,£841.05
310,Kettie,Ruck,kruck8l@ucoz.com,Female,$254.92,€799,01,¥293.27,£965.85
311,Ettore,Grierson,egrierson8m@hhs.gov,Male,$539.30,€155,43,¥331.25,£488.17
312,Missie,Symms,msymms8n@bigcartel.com,Female,$772.02,€18,91,¥545.63,£430.51
313,Agosto,Mibourne,amibourne8o@mozilla.com,Male,$822.67,€376,38,¥360.32,£920.78
314,Rosanna,Hubbocks,rhubbocks8p@dot.gov,Female,$215.35,€374,48,¥479.54,£144.20
315,Johannes,Beckley,jbeckley8q@nps.gov,Male,$683.59,€748,67,¥681.21,£764.25
316,Fraser,Etridge,fetridge8r@smh.com.au,Male,$247.92,€904,45,¥794.36,£388.09
317,Ame,Catterson,acatterson8s@mapy.cz,Female,$988.72,€484,27,¥315.36,£402.15
318,Merrel,Egdal,megdal8t@un.org,Male,$450.72,€277,11,¥719.73,£425.22
319,Dara,Gillcrist,dgillcrist8u@fda.gov,Female,$847.67,€90,06,¥292.74,£629.47
320,Kurt,Geggie,kgeggie8v@ask.com,Male,$852.25,€354,71,¥42.41,£941.02
321,Claybourne,Valerio,cvalerio8w@dedecms.com,Male,$105.38,€118,14,¥917.30,£965.25
322,Jerrilyn,Treeby,jtreeby8x@csmonitor.com,Female,$478.74,€449,83,¥858.27,£223.17
323,Teador,Rogier,trogier8y@wikimedia.org,Male,$957.71,€533,33,¥834.45,£264.49
324,Ellsworth,Emerton,eemerton8z@cnbc.com,Male,$839.35,€893,06,¥135.15,£310.96
325,Raymund,Levens,rlevens90@state.gov,Male,$871.61,€138,40,¥902.48,£818.82
326,Corny,Pietruszka,cpietruszka91@google.com.au,Male,$843.17,€885,40,¥857.39,£540.96
327,Celestine,Kroch,ckroch92@salon.com,Female,$505.17,€472,94,¥133.27,£702.84
328,Devlen,Manclark,dmanclark93@timesonline.co.uk,Male,$602.87,€819,25,¥146.92,£75.09
329,Stillmann,Passie,spassie94@csmonitor.com,Male,$401.50,€399,17,¥902.74,£138.59
330,Andrus,Izac,aizac95@list-manage.com,Male,$596.19,€313,60,¥661.35,£769.77
331,Renae,Glenny,rglenny96@delicious.com,Female,$924.88,€556,43,¥748.33,£878.89
332,Auberta,Nann,anann97@mozilla.com,Female,$504.44,€787,09,¥701.26,£673.33
333,Ardelis,Downage,adownage98@paypal.com,Female,$508.90,€552,21,¥3.18,£802.09
334,Hildegarde,Swalteridge,hswalteridge99@mayoclinic.com,Female,$200.71,€450,84,¥279.16,£741.60
335,Davine,Arnow,darnow9a@wufoo.com,Female,$237.68,€489,93,¥419.68,£994.21
336,Kittie,Hubery,khubery9b@si.edu,Female,$510.20,€616,52,¥479.77,£814.98
337,Raddie,Kirtland,rkirtland9c@twitpic.com,Male,$437.25,€978,65,¥40.94,£413.25
338,Obediah,Lorkins,olorkins9d@com.com,Male,$403.02,€463,26,¥162.98,£992.19
339,Vincenty,Bradtke,vbradtke9e@usatoday.com,Male,$987.25,€872,63,¥410.82,£680.17
340,Reamonn,Aire,raire9f@linkedin.com,Male,$90.26,€786,44,¥344.36,£294.65
341,Genovera,Mattimoe,gmattimoe9g@slideshare.net,Female,$543.70,€569,57,¥118.24,£728.89
342,Venita,Steckings,vsteckings9h@dailymotion.com,Female,$869.02,€200,75,¥612.46,£881.91
343,Diane,Glisenan,dglisenan9i@godaddy.com,Female,$729.77,€787,93,¥796.96,£33.55
344,Magdaia,Chicchelli,mchicchelli9j@infoseek.co.jp,Female,$53.04,€20,67,¥347.02,£617.83
345,Flore,Espinel,fespinel9k@nps.gov,Female,$896.82,€169,59,¥702.43,£829.04
346,Harper,Ackenhead,hackenhead9l@domainmarket.com,Male,$68.59,€945,42,¥277.93,£903.51
347,Wallie,Deschlein,wdeschlein9m@netvibes.com,Male,$89.53,€374,13,¥290.64,£845.77
348,Hube,Agronski,hagronski9n@omniture.com,Male,$456.84,€685,44,¥296.92,£527.26
349,Gilbertine,Rogerson,grogerson9o@macromedia.com,Female,$972.05,€583,36,¥5.17,£865.32
350,Isidore,Roskam,iroskam9p@multiply.com,Male,$483.57,€42,12,¥393.20,£134.79
351,Chrystel,Salt,csalt9q@free.fr,Female,$871.57,€587,98,¥701.06,£417.26
352,Evania,Milverton,emilverton9r@globo.com,Female,$823.09,€321,51,¥483.15,£613.37
353,Shirleen,Rennison,srennison9s@guardian.co.uk,Female,$727.39,€585,18,¥801.56,£885.78
354,Else,Hawes,ehawes9t@google.co.jp,Female,$28.98,€559,04,¥870.31,£843.81
355,Ashla,Kilminster,akilminster9u@people.com.cn,Female,$210.86,€801,01,¥146.02,£639.21
356,Tomasina,Greedyer,tgreedyer9v@cargocollective.com,Female,$388.88,€259,11,¥34.31,£730.95
357,Appolonia,Stivers,astivers9w@dyndns.org,Female,$18.60,€587,39,¥326.73,£929.72
358,Torey,Hussell,thussell9x@zdnet.com,Male,$214.64,€752,81,¥365.42,£636.18
359,Elane,Thresher,ethresher9y@amazon.com,Female,$670.92,€220,38,¥942.75,£464.36
360,Reginauld,Hrynczyk,rhrynczyk9z@uol.com.br,Male,$885.24,€27,66,¥386.54,£177.09
361,Steffen,Stiff,sstiffa0@indiegogo.com,Male,$199.88,€853,31,¥216.49,£63.86
362,Monah,Merle,mmerlea1@skyrock.com,Female,$3.47,€793,15,¥457.32,£646.95
363,Vite,Lambdon,vlambdona2@tripadvisor.com,Male,$930.24,€142,75,¥100.04,£532.27
364,Alvera,Vesque,avesquea3@mediafire.com,Female,$975.86,€371,31,¥508.83,£626.87
365,Adriane,Cantos,acantosa4@ycombinator.com,Female,$486.10,€753,45,¥214.74,£30.10
366,Paco,Freeborn,pfreeborna5@ca.gov,Male,$154.58,€955,62,¥653.31,£813.41
367,Beryle,Loveday,blovedaya6@nasa.gov,Female,$11.56,€220,77,¥991.89,£875.25
368,Georges,Eichmann,geichmanna7@wix.com,Male,$918.70,€445,50,¥681.35,£454.06
369,Audi,Bennetto,abennettoa8@a8.net,Female,$871.55,€845,64,¥452.24,£146.57
370,Ainslie,Harvison,aharvisona9@domainmarket.com,Female,$392.66,€170,41,¥100.79,£610.49
371,Chiquia,Greenland,cgreenlandaa@si.edu,Female,$353.35,€70,24,¥446.22,£95.14
372,Eloise,Tamburi,etamburiab@jiathis.com,Female,$526.26,€815,21,¥641.64,£497.59
373,Ernst,Walcot,ewalcotac@posterous.com,Male,$140.68,€704,35,¥993.20,£393.95
374,Marylinda,Chant,mchantad@elegantthemes.com,Female,$713.62,€189,58,¥540.45,£492.98
375,Berget,Peasgood,bpeasgoodae@mozilla.org,Female,$31.51,€734,80,¥968.65,£313.98
376,Chico,Brameld,cbrameldaf@springer.com,Male,$55.88,€636,90,¥941.16,£571.45
377,Timofei,Di Biasi,tdibiasiag@clickbank.net,Male,$151.55,€571,00,¥573.76,£597.82
378,Diego,Renne,drenneah@unc.edu,Male,$978.66,€46,20,¥140.76,£631.64
379,Muhammad,McGannon,mmcgannonai@marriott.com,Male,$552.88,€177,26,¥335.50,£580.52
380,Olympe,MacKeig,omackeigaj@netvibes.com,Female,$893.86,€906,18,¥79.87,£512.78
381,Nada,Danilov,ndanilovak@canalblog.com,Female,$721.07,€860,24,¥595.80,£278.43
382,Tanner,MacNally,tmacnallyal@altervista.org,Male,$940.65,€392,26,¥732.98,£223.97
383,Marco,Whittier,mwhittieram@jigsy.com,Male,$704.40,€703,77,¥205.80,£582.84
384,Merola,Jeune,mjeunean@spiegel.de,Female,$40.84,€437,81,¥758.59,£861.74
385,Mano,Sleet,msleetao@twitpic.com,Male,$475.87,€103,93,¥71.97,£199.69
386,Arie,Karus,akarusap@bravesites.com,Male,$609.09,€815,99,¥780.67,£510.22
387,Scarlett,Castelletto,scastellettoaq@e-recht24.de,Female,$252.17,€495,16,¥4.84,£470.53
388,Faythe,Hildred,fhildredar@google.pl,Female,$556.85,€841,64,¥298.13,£97.31
389,Linda,Sangra,lsangraas@rediff.com,Female,$310.90,€311,91,¥219.12,£620.62
390,Kerri,Basketfield,kbasketfieldat@fastcompany.com,Female,$173.15,€506,07,¥828.79,£434.73
391,Shep,O'Farris,sofarrisau@adobe.com,Male,$257.01,€977,96,¥514.01,£789.05
392,Perri,Berrecloth,pberreclothav@booking.com,Female,$387.21,€28,20,¥613.63,£332.07
393,Rachel,Commusso,rcommussoaw@constantcontact.com,Female,$36.57,€67,89,¥304.85,£687.60
394,Ximenez,Moye,xmoyeax@pinterest.com,Male,$384.38,€608,05,¥431.17,£117.59
395,Susanetta,Turfus,sturfusay@hugedomains.com,Female,$237.58,€518,33,¥929.68,£659.59
396,Gale,Infante,ginfanteaz@army.mil,Female,$431.15,€742,32,¥376.98,£464.70
397,Gardie,Thursby,gthursbyb0@loc.gov,Male,$928.37,€375,76,¥308.21,£471.17
398,Ivar,Hartrick,ihartrickb1@msu.edu,Male,$271.90,€184,10,¥647.66,£371.19
399,Teresa,Beetham,tbeethamb2@microsoft.com,Female,$157.21,€348,23,¥666.59,£959.53
400,Stacie,Stroder,sstroderb3@t.co,Female,$715.02,€398,07,¥799.68,£117.42
401,Bibbie,Livermore,blivermoreb4@usnews.com,Female,$998.23,€292,49,¥318.21,£691.14
402,Jeremy,Aireton,jairetonb5@nasa.gov,Male,$570.07,€837,81,¥652.71,£558.03
403,Hamid,Tosspell,htosspellb6@indiatimes.com,Male,$186.40,€67,73,¥832.33,£483.92
404,Robbie,Motten,rmottenb7@amazon.com,Male,$905.66,€513,53,¥791.01,£486.09
405,Darci,Coda,dcodab8@tumblr.com,Female,$869.41,€448,98,¥463.41,£106.77
406,Marven,Aery,maeryb9@usa.gov,Male,$835.10,€925,46,¥123.53,£506.59
407,Tessa,Bellwood,tbellwoodba@mapquest.com,Female,$64.16,€693,33,¥191.95,£153.61
408,Happy,Ollivierre,hollivierrebb@rediff.com,Female,$549.39,€296,42,¥938.86,£366.27
409,Dorothy,MacConnechie,dmacconnechiebc@msu.edu,Female,$29.69,€317,61,¥623.57,£302.97
410,Norton,Puttergill,nputtergillbd@google.de,Male,$315.68,€31,47,¥284.67,£415.47
411,Quint,MacCostigan,qmaccostiganbe@usatoday.com,Male,$547.12,€274,69,¥550.13,£254.39
412,Pearla,McGeouch,pmcgeouchbf@github.io,Female,$88.83,€841,99,¥168.74,£361.87
413,Austin,Pointon,apointonbg@buzzfeed.com,Male,$836.26,€187,23,¥683.84,£678.50
414,Annnora,Stace,astacebh@amazon.com,Female,$64.91,€482,05,¥69.26,£646.30
415,Oralia,Leaf,oleafbi@booking.com,Female,$375.06,€14,35,¥311.89,£986.22
416,Broddy,Ashbridge,bashbridgebj@photobucket.com,Male,$758.74,€243,88,¥615.03,£178.22
417,Shina,Tolfrey,stolfreybk@eventbrite.com,Female,$477.37,€441,06,¥491.38,£70.57
418,Cynde,Dron,cdronbl@ihg.com,Female,$97.98,€397,84,¥344.72,£555.43
419,Sukey,Ouldcott,souldcottbm@si.edu,Female,$408.68,€721,30,¥661.33,£97.84
420,Raffaello,Nutman,rnutmanbn@cpanel.net,Male,$54.71,€541,43,¥779.63,£498.06
421,Maxie,McNeish,mmcneishbo@jugem.jp,Female,$817.49,€874,97,¥906.55,£937.72
422,Yulma,De Ruel,yderuelbp@prweb.com,Male,$443.51,€647,82,¥792.58,£299.32
423,Bartholemy,Kinforth,bkinforthbq@dailymail.co.uk,Male,$198.49,€669,85,¥569.00,£882.34
424,Augustine,Clamp,aclampbr@slate.com,Male,$445.18,€808,66,¥646.76,£897.90
425,Lexie,Battey,lbatteybs@gmpg.org,Female,$67.59,€988,79,¥536.01,£217.81
426,Claiborne,Acors,cacorsbt@mac.com,Male,$704.72,€786,19,¥723.40,£503.43
427,Marve,Chansonnau,mchansonnaubu@fda.gov,Male,$789.32,€522,84,¥914.66,£597.07
428,Babita,Tynewell,btynewellbv@google.nl,Female,$498.40,€784,74,¥748.00,£282.60
429,Nahum,Allkins,nallkinsbw@etsy.com,Male,$581.92,€435,99,¥544.19,£912.65
430,Garv,Dearsley,gdearsleybx@exblog.jp,Male,$354.10,€732,75,¥310.19,£147.47
431,Janina,Miner,jminerby@ovh.net,Female,$236.01,€244,31,¥920.40,£584.64
432,Darryl,Edworthye,dedworthyebz@unicef.org,Male,$58.78,€700,44,¥358.77,£315.44
433,Hastings,Gledhall,hgledhallc0@a8.net,Male,$33.00,€86,69,¥369.41,£778.56
434,Guntar,Skpsey,gskpseyc1@utexas.edu,Male,$814.95,€64,18,¥428.26,£870.46
435,Carter,Pavy,cpavyc2@gnu.org,Male,$673.17,€444,02,¥931.45,£19.47
436,Agnella,Moakler,amoaklerc3@cisco.com,Female,$245.73,€572,43,¥910.53,£942.48
437,Garfield,Mayoh,gmayohc4@google.co.jp,Male,$269.52,€13,64,¥708.22,£596.54
438,Brander,Reynish,breynishc5@dot.gov,Male,$345.61,€590,85,¥911.35,£512.20
439,Michel,Diprose,mdiprosec6@abc.net.au,Female,$395.58,€392,52,¥283.52,£387.61
440,Carolyn,Paynter,cpaynterc7@webnode.com,Female,$95.42,€201,64,¥632.26,£123.09
441,Livia,Trowle,ltrowlec8@who.int,Female,$248.85,€749,01,¥799.25,£216.67
442,Gael,Le Grand,glegrandc9@twitter.com,Female,$983.88,€467,67,¥995.88,£557.46
443,Skippie,Gever,sgeverca@bloglines.com,Male,$78.01,€218,70,¥267.13,£542.55
444,Esdras,Baselli,ebasellicb@123-reg.co.uk,Male,$208.20,€876,50,¥439.50,£830.76
445,Bonita,Wonfor,bwonforcc@youtube.com,Female,$237.36,€623,61,¥386.01,£985.47
446,Husein,Boldock,hboldockcd@theatlantic.com,Male,$862.16,€395,89,¥259.35,£889.34
447,Francis,McGonigle,fmcgoniglece@huffingtonpost.com,Male,$239.14,€901,42,¥681.34,£993.35
448,Raynard,Trahear,rtrahearcf@sciencedirect.com,Male,$654.26,€620,20,¥351.17,£291.60
449,Emmi,Pethrick,epethrickcg@digg.com,Female,$835.03,€137,67,¥464.48,£708.20
450,Pernell,Guynemer,pguynemerch@tripadvisor.com,Male,$863.65,€5,27,¥966.87,£747.18
451,Porty,Gofton,pgoftonci@devhub.com,Male,$558.37,€233,06,¥428.79,£653.91
452,Giana,MacVanamy,gmacvanamycj@flavors.me,Female,$715.71,€532,25,¥615.40,£77.11
453,Valentine,Mattingson,vmattingsonck@upenn.edu,Female,$62.32,€588,26,¥744.81,£935.29
454,Luke,De Blasio,ldeblasiocl@boston.com,Male,$295.45,€788,17,¥853.33,£834.71
455,Bridie,Speere,bspeerecm@europa.eu,Female,$822.19,€888,67,¥243.96,£497.03
456,King,Ludgrove,kludgrovecn@youku.com,Male,$231.32,€276,47,¥450.64,£321.07
457,Tam,Abramov,tabramovco@mit.edu,Male,$808.22,€197,24,¥326.15,£810.37
458,Kelbee,Willoughley,kwilloughleycp@theguardian.com,Male,$911.42,€85,47,¥762.79,£710.86
459,Daryl,Syne,dsynecq@senate.gov,Female,$52.31,€41,24,¥198.73,£212.69
460,Artur,Volke,avolkecr@hatena.ne.jp,Male,$530.29,€24,35,¥222.83,£764.94
461,Stanleigh,Wakeham,swakehamcs@webmd.com,Male,$344.10,€428,42,¥527.46,£132.94
462,Eal,Borrell,eborrellct@si.edu,Male,$559.64,€527,09,¥142.87,£834.24
463,Royce,Coatham,rcoathamcu@wordpress.com,Male,$617.18,€442,66,¥629.82,£208.21
464,Bobbye,Gange,bgangecv@51.la,Female,$513.39,€83,50,¥729.48,£130.08
465,Emlyn,Krahl,ekrahlcw@utexas.edu,Male,$544.81,€818,33,¥858.94,£994.40
466,Jennee,Oriel,jorielcx@sciencedirect.com,Female,$240.83,€455,87,¥694.19,£796.21
467,Sheilah,Oakenford,soakenfordcy@surveymonkey.com,Female,$580.05,€347,89,¥513.58,£56.86
468,Page,Drewitt,pdrewittcz@ucla.edu,Female,$545.61,€45,21,¥536.36,£161.66
469,Querida,Gregr,qgregrd0@hibu.com,Female,$152.11,€179,83,¥925.73,£318.16
470,Ariela,Myrick,amyrickd1@ebay.com,Female,$661.70,€223,34,¥253.55,£549.34
471,Winston,Scroyton,wscroytond2@w3.org,Male,$304.15,€451,81,¥424.52,£340.51
472,Roxana,Smitheram,rsmitheramd3@marriott.com,Female,$302.25,€204,04,¥255.16,£250.68
473,Jdavie,Vynall,jvynalld4@washingtonpost.com,Male,$246.81,€697,95,¥143.22,£737.56
474,Audi,Francomb,afrancombd5@youtube.com,Female,$629.39,€879,68,¥961.49,£290.01
475,Ertha,Clemits,eclemitsd6@alexa.com,Female,$764.19,€846,18,¥905.35,£553.98
476,Isadore,Kuban,ikuband7@salon.com,Male,$120.36,€929,73,¥558.48,£273.90
477,Demetris,Betjeman,dbetjemand8@163.com,Male,$560.59,€323,47,¥843.37,£133.83
478,Dolf,Townsend,dtownsendd9@technorati.com,Male,$353.85,€425,72,¥409.60,£725.49
479,Amelita,Sandars,asandarsda@senate.gov,Female,$681.10,€115,78,¥470.79,£173.16
480,Lelah,Mibourne,lmibournedb@myspace.com,Female,$282.47,€645,51,¥750.47,£953.66
481,Nelli,Gribbin,ngribbindc@meetup.com,Female,$777.33,€451,30,¥557.23,£302.70
482,Lynnea,MacVagh,lmacvaghdd@japanpost.jp,Female,$876.95,€940,07,¥333.05,£143.45
483,Cristionna,Grummitt,cgrummittde@whitehouse.gov,Female,$293.12,€784,36,¥848.30,£31.53
484,Elora,Cosbee,ecosbeedf@youtu.be,Female,$309.54,€791,12,¥860.83,£35.83
485,Vincent,Mainland,vmainlanddg@bbc.co.uk,Male,$835.02,€512,12,¥830.98,£417.10
486,Larissa,Pavett,lpavettdh@howstuffworks.com,Female,$705.61,€255,45,¥689.70,£175.08
487,Erwin,Copeland,ecopelanddi@xinhuanet.com,Male,$184.61,€595,97,¥311.85,£261.52
488,Lynnet,Schoenrock,lschoenrockdj@is.gd,Female,$720.75,€550,80,¥293.51,£619.10
489,Adriano,Mallall,amallalldk@odnoklassniki.ru,Male,$820.52,€51,23,¥681.21,£259.24
490,Tootsie,MacFaul,tmacfauldl@phoca.cz,Female,$324.47,€548,54,¥850.75,£946.45
491,Cornie,Maginn,cmaginndm@wikimedia.org,Male,$673.55,€417,15,¥756.28,£452.70
492,Davita,Nicolls,dnicollsdn@infoseek.co.jp,Female,$994.47,€534,95,¥110.24,£682.23
493,Currie,Prahl,cprahldo@ameblo.jp,Male,$844.67,€55,69,¥351.02,£317.56
494,Leonerd,Edeson,ledesondp@sogou.com,Male,$294.20,€600,58,¥160.82,£767.00
495,Harrie,Glazyer,hglazyerdq@aol.com,Female,$659.83,€833,35,¥177.53,£304.37
496,Wyndham,Bradley,wbradleydr@dagondesign.com,Male,$506.39,€418,52,¥187.38,£716.81
497,Wilden,Suttill,wsuttillds@patch.com,Male,$244.32,€471,85,¥870.75,£278.57
498,Ara,Comrie,acomriedt@harvard.edu,Male,$511.93,€626,67,¥890.40,£171.16
499,Phillie,MacMychem,pmacmychemdu@taobao.com,Female,$394.20,€379,98,¥507.13,£284.59
500,Tiffany,Mumm,tmummdv@yelp.com,Female,$465.14,€4,36,¥478.66,£824.05
501,Elwira,Tunsley,etunsleydw@google.fr,Female,$414.21,€81,64,¥708.42,£451.43
502,Dolorita,Penn,dpenndx@cocolog-nifty.com,Female,$915.37,€808,78,¥224.49,£641.84
503,Cammy,Diss,cdissdy@wiley.com,Male,$678.95,€899,96,¥924.71,£840.38
504,Renate,Fewings,rfewingsdz@redcross.org,Female,$253.84,€757,21,¥617.49,£332.52
505,Margie,Derle,mderlee0@aol.com,Female,$227.13,€709,34,¥717.99,£921.51
506,Ewart,Pert,eperte1@cornell.edu,Male,$722.94,€747,30,¥312.97,£284.51
507,Reeta,Grassick,rgrassicke2@tripod.com,Female,$73.18,€0,64,¥778.42,£584.41
508,Sara,Beahan,sbeahane3@ebay.com,Female,$850.32,€796,42,¥629.20,£528.66
509,Del,McMakin,dmcmakine4@utexas.edu,Male,$497.06,€597,03,¥325.00,£72.55
510,Grace,Hammon,ghammone5@digg.com,Male,$183.83,€822,33,¥802.60,£165.46
511,Brew,Twamley,btwamleye6@washingtonpost.com,Male,$362.69,€74,34,¥881.80,£518.51
512,Karia,Pippin,kpippine7@skyrock.com,Female,$202.45,€803,15,¥265.18,£312.55
513,Lurleen,Craske,lcraskee8@123-reg.co.uk,Female,$164.17,€825,32,¥9.26,£506.26
514,Marti,Lunny,mlunnye9@discovery.com,Female,$535.57,€768,03,¥305.67,£802.34
515,Demetris,Corrison,dcorrisonea@reddit.com,Female,$221.97,€104,20,¥32.45,£531.59
516,Querida,Grummitt,qgrummitteb@springer.com,Female,$230.71,€529,14,¥736.17,£837.79
517,Martelle,Shier,mshierec@multiply.com,Female,$183.20,€98,27,¥823.17,£559.90
518,Elsy,Sennett,esennetted@bizjournals.com,Female,$64.83,€546,46,¥763.63,£118.18
519,Vonnie,Tomkins,vtomkinsee@spiegel.de,Female,$874.74,€627,97,¥866.80,£773.35
520,Myra,Hockey,mhockeyef@ibm.com,Female,$3.89,€32,81,¥840.34,£699.31
521,Staford,Baughen,sbaugheneg@cdbaby.com,Male,$72.52,€329,98,¥403.12,£816.99
522,Alaric,Doree,adoreeeh@g.co,Male,$42.22,€903,60,¥470.41,£597.22
523,Ginger,Sails,gsailsei@slate.com,Male,$814.78,€209,31,¥702.96,£13.17
524,Hurley,Whitwam,hwhitwamej@sohu.com,Male,$901.69,€8,17,¥52.30,£328.37
525,Bryn,Woodburne,bwoodburneek@ifeng.com,Male,$370.50,€120,60,¥680.47,£288.26
526,Cherish,Beekman,cbeekmanel@google.it,Female,$872.82,€111,24,¥685.68,£994.76
527,Juli,Baddow,jbaddowem@miitbeian.gov.cn,Female,$666.82,€347,94,¥750.35,£483.67
528,Fredi,Hinckesman,fhinckesmanen@illinois.edu,Female,$270.12,€878,20,¥483.09,£325.33
529,Julie,Morot,jmoroteo@icio.us,Female,$428.69,€783,09,¥203.15,£168.84
530,Zack,Brunger,zbrungerep@spotify.com,Male,$481.95,€813,32,¥237.25,£13.64
531,Teodoro,Alanbrooke,talanbrookeeq@reverbnation.com,Male,$705.33,€247,77,¥465.98,£712.26
532,Amelina,Bertome,abertomeer@npr.org,Female,$412.13,€750,22,¥66.02,£27.62
533,Moises,Barrett,mbarrettes@businessinsider.com,Male,$724.20,€401,96,¥484.70,£750.76
534,Alaster,Boston,abostonet@fastcompany.com,Male,$294.21,€822,27,¥850.69,£217.36
535,Alfred,Czajkowski,aczajkowskieu@europa.eu,Male,$861.21,€609,42,¥939.61,£147.80
536,Scottie,Rosenboim,srosenboimev@chron.com,Male,$72.29,€619,40,¥871.26,£466.09
537,Don,Wimpress,dwimpressew@nytimes.com,Male,$293.05,€282,96,¥408.95,£797.13
538,Kelsey,Bernier,kbernierex@exblog.jp,Female,$705.39,€460,80,¥858.16,£757.69
539,Franklin,Berardt,fberardtey@time.com,Male,$355.25,€393,16,¥809.92,£47.63
540,Muhammad,MacIlriach,mmacilriachez@sfgate.com,Male,$524.22,€825,59,¥337.95,£474.30
541,Ogdan,Ilbert,oilbertf0@ucoz.com,Male,$879.43,€2,02,¥946.81,£451.98
542,Helyn,Povlsen,hpovlsenf1@canalblog.com,Female,$324.04,€988,03,¥801.26,£786.81
543,Nicol,Curnnokk,ncurnnokkf2@virginia.edu,Female,$132.27,€971,12,¥804.47,£804.05
544,Flore,Marielle,fmariellef3@soundcloud.com,Female,$347.19,€55,33,¥888.63,£225.86
545,Scott,Fuzzens,sfuzzensf4@seattletimes.com,Male,$803.10,€622,73,¥150.44,£572.80
546,Townsend,Brady,tbradyf5@sohu.com,Male,$570.52,€749,32,¥649.24,£444.68
547,Britt,Cartner,bcartnerf6@sciencedaily.com,Female,$130.39,€599,48,¥593.01,£677.30
548,Veronique,McVeigh,vmcveighf7@elegantthemes.com,Female,$380.04,€740,37,¥464.78,£570.63
549,Ryon,Swalteridge,rswalteridgef8@mlb.com,Male,$336.34,€29,35,¥393.26,£966.19
550,Karel,Peddar,kpeddarf9@comcast.net,Male,$334.91,€743,17,¥608.67,£855.96
551,Diandra,Coram,dcoramfa@hhs.gov,Female,$860.38,€429,56,¥660.44,£430.76
552,Carly,Sent,csentfb@printfriendly.com,Male,$461.59,€883,07,¥768.07,£60.99
553,Ashely,De-Ville,adevillefc@vinaora.com,Female,$573.24,€869,84,¥983.54,£311.39
554,Bobbette,Culham,bculhamfd@marketwatch.com,Female,$425.11,€740,61,¥597.31,£718.64
555,Brand,McAteer,bmcateerfe@nasa.gov,Male,$888.48,€22,80,¥550.73,£606.17
556,Thacher,O' Flaherty,toflahertyff@ftc.gov,Male,$641.05,€965,83,¥295.26,£364.71
557,Micaela,Girardet,mgirardetfg@google.pl,Female,$520.61,€195,53,¥864.76,£966.89
558,Heddie,Joska,hjoskafh@instagram.com,Female,$592.01,€634,89,¥625.49,£412.95
559,Gena,Le Moucheux,glemoucheuxfi@tmall.com,Female,$79.28,€18,13,¥433.92,£930.75
560,Michaella,Philipson,mphilipsonfj@pbs.org,Female,$565.20,€773,53,¥265.95,£293.67
561,Iver,Sharrem,isharremfk@va.gov,Male,$286.22,€727,23,¥466.36,£671.79
562,Joan,Meere,jmeerefl@amazon.co.uk,Female,$397.76,€220,33,¥708.45,£442.91
563,Rachel,Davidof,rdavidoffm@trellian.com,Female,$784.37,€216,15,¥82.70,£387.20
564,Conway,McAllaster,cmcallasterfn@etsy.com,Male,$758.39,€799,89,¥791.96,£393.33
565,Agretha,Hendrich,ahendrichfo@cafepress.com,Female,$511.64,€487,51,¥360.90,£332.66
566,Jobyna,Towe,jtowefp@tamu.edu,Female,$977.17,€734,34,¥71.35,£61.02
567,Sibley,Absolon,sabsolonfq@hostgator.com,Female,$835.25,€218,79,¥232.40,£339.04
568,Jojo,Levett,jlevettfr@chronoengine.com,Female,$698.59,€45,29,¥429.08,£799.02
569,Franklin,Medd,fmeddfs@comcast.net,Male,$650.22,€937,00,¥867.28,£485.18
570,Britta,Valett,bvalettft@pagesperso-orange.fr,Female,$724.16,€5,65,¥782.74,£473.21
571,Cristine,Mather,cmatherfu@taobao.com,Female,$14.08,€617,62,¥709.40,£878.40
572,Toinette,Landman,tlandmanfv@unicef.org,Female,$859.83,€762,04,¥353.13,£384.41
573,Danya,Dyka,ddykafw@skype.com,Male,$467.82,€899,38,¥815.46,£674.49
574,Granville,Davio,gdaviofx@google.com.au,Male,$247.49,€880,04,¥818.21,£877.54
575,Mayer,Snap,msnapfy@reverbnation.com,Male,$786.03,€186,99,¥921.64,£709.73
576,Timothea,Gerault,tgeraultfz@instagram.com,Female,$782.75,€426,32,¥89.67,£35.89
577,Nedi,Lapsley,nlapsleyg0@amazon.co.jp,Female,$967.78,€440,92,¥840.92,£920.62
578,Monika,Playfair,mplayfairg1@craigslist.org,Female,$749.58,€270,25,¥43.14,£268.12
579,Brew,Molohan,bmolohang2@example.com,Male,$761.58,€429,88,¥887.87,£666.29
580,Lynda,Fennelly,lfennellyg3@symantec.com,Female,$375.39,€93,01,¥413.47,£426.17
581,Konstantine,Treslove,ktresloveg4@mapquest.com,Male,$447.67,€852,71,¥778.11,£98.05
582,Marissa,Akeherst,makeherstg5@jigsy.com,Female,$798.03,€814,72,¥752.43,£173.75
583,Drugi,Hullyer,dhullyerg6@quantcast.com,Male,$289.13,€242,28,¥981.53,£635.36
584,Auroora,Darbon,adarbong7@360.cn,Female,$640.13,€173,58,¥777.37,£334.96
585,Massimo,Foxten,mfoxteng8@opensource.org,Male,$39.77,€993,77,¥607.06,£834.59
586,Guntar,McGilvra,gmcgilvrag9@gmpg.org,Male,$316.42,€0,51,¥311.38,£997.55
587,Frances,Griffiths,fgriffithsga@imdb.com,Female,$349.73,€357,85,¥469.54,£807.50
588,Cybill,Blincow,cblincowgb@chron.com,Female,$40.02,€357,35,¥910.55,£272.55
589,Tammy,Bellchamber,tbellchambergc@yolasite.com,Male,$89.95,€808,57,¥76.69,£260.27
590,Avery,Lunnon,alunnongd@google.ca,Male,$916.42,€597,17,¥525.40,£59.61
591,Waldo,Ramalhete,wramalhetege@howstuffworks.com,Male,$472.32,€118,52,¥646.60,£741.25
592,Terencio,Jagger,tjaggergf@stanford.edu,Male,$706.21,€489,02,¥868.71,£671.43
593,Finley,Kiddey,fkiddeygg@ihg.com,Male,$241.84,€74,08,¥60.90,£723.26
594,Virgina,Rodge,vrodgegh@dyndns.org,Female,$548.01,€107,92,¥78.72,£334.30
595,Jessie,Cokely,jcokelygi@patch.com,Male,$176.82,€912,40,¥645.45,£888.65
596,Giffie,McKern,gmckerngj@163.com,Male,$681.40,€382,02,¥554.32,£75.03
597,Bendite,Owers,bowersgk@soup.io,Female,$641.87,€423,18,¥237.33,£243.72
598,Ned,Paulisch,npaulischgl@liveinternet.ru,Male,$221.64,€146,44,¥447.91,£623.31
599,Brandais,Issacov,bissacovgm@harvard.edu,Female,$718.41,€93,83,¥455.06,£883.58
600,Christophorus,Figgins,cfigginsgn@mail.ru,Male,$725.61,€221,41,¥414.73,£716.75
601,Charo,Delves,cdelvesgo@who.int,Female,$622.39,€6,53,¥990.61,£314.25
602,Ike,Norcliff,inorcliffgp@1und1.de,Male,$241.76,€400,05,¥147.16,£565.62
603,Averyl,Spears,aspearsgq@examiner.com,Female,$23.04,€525,41,¥713.83,£922.34
604,Dion,Juckes,djuckesgr@t-online.de,Female,$856.76,€762,99,¥6.72,£131.04
605,Mariana,MacDonough,mmacdonoughgs@springer.com,Female,$549.91,€949,89,¥135.99,£377.34
606,Leeland,Blackmore,lblackmoregt@example.com,Male,$860.07,€645,56,¥253.96,£673.43
607,Sabra,Horsburgh,shorsburghgu@indiatimes.com,Female,$301.41,€447,55,¥626.53,£676.46
608,Pennie,Kerwood,pkerwoodgv@google.com.au,Male,$628.96,€661,86,¥634.98,£874.61
609,Muffin,Payle,mpaylegw@engadget.com,Male,$393.51,€614,80,¥930.08,£566.98
610,Gabriellia,Bothram,gbothramgx@istockphoto.com,Female,$188.61,€871,12,¥383.16,£943.59
611,Janifer,Bride,jbridegy@github.com,Female,$172.87,€518,73,¥705.34,£704.27
612,Benedicto,Calbreath,bcalbreathgz@delicious.com,Male,$883.77,€267,08,¥568.69,£885.11
613,Taite,Widmoor,twidmoorh0@ustream.tv,Male,$373.00,€626,17,¥826.84,£695.31
614,Piotr,Albone,palboneh1@prnewswire.com,Male,$771.70,€395,95,¥900.39,£195.63
615,Guy,Gomery,ggomeryh2@ftc.gov,Male,$944.03,€797,86,¥6.19,£374.75
616,Brandise,Alvis,balvish3@si.edu,Female,$996.98,€330,12,¥291.05,£479.55
617,Cherlyn,Macourek,cmacourekh4@pagesperso-orange.fr,Female,$334.92,€882,95,¥392.70,£954.69
618,Bella,Bulluck,bbulluckh5@cpanel.net,Female,$998.25,€723,48,¥511.62,£899.89
619,Ricky,Geistbeck,rgeistbeckh6@mlb.com,Male,$88.99,€735,26,¥277.94,£14.65
620,Ozzie,Milsom,omilsomh7@abc.net.au,Male,$645.91,€657,54,¥663.75,£421.50
621,Findlay,Pikett,fpiketth8@cocolog-nifty.com,Male,$236.74,€746,42,¥946.49,£527.91
622,Dmitri,Bursnell,dbursnellh9@guardian.co.uk,Male,$723.85,€831,91,¥378.49,£273.99
623,Jonas,Gorler,jgorlerha@theguardian.com,Male,$768.93,€737,79,¥988.14,£574.33
624,Jerrilyn,Kenafaque,jkenafaquehb@posterous.com,Female,$761.77,€812,67,¥433.86,£596.95
625,Kile,Siemandl,ksiemandlhc@shinystat.com,Male,$218.20,€648,74,¥318.65,£575.61
626,Margareta,Marsden,mmarsdenhd@senate.gov,Female,$870.60,€508,73,¥324.12,£226.43
627,Kellie,Quilkin,kquilkinhe@prnewswire.com,Female,$857.09,€120,29,¥37.98,£554.99
628,Horst,California,hcaliforniahf@cam.ac.uk,Male,$843.79,€261,71,¥264.12,£976.13
629,Arvin,Langworthy,alangworthyhg@goo.ne.jp,Male,$182.75,€757,74,¥5.96,£383.41
630,Thibaut,Minister,tministerhh@mlb.com,Male,$703.31,€298,07,¥895.47,£329.54
631,Woodman,Laughrey,wlaughreyhi@tinypic.com,Male,$505.50,€844,39,¥764.27,£463.58
632,Stacie,Huyton,shuytonhj@newyorker.com,Female,$715.05,€266,82,¥794.93,£770.51
633,Martie,Rickesies,mrickesieshk@timesonline.co.uk,Female,$590.38,€516,91,¥389.63,£445.23
634,Fulton,Bortolozzi,fbortolozzihl@tamu.edu,Male,$818.99,€682,98,¥25.06,£983.36
635,Mordecai,Snasdell,msnasdellhm@sitemeter.com,Male,$316.55,€789,73,¥475.93,£963.64
636,Linc,Callender,lcallenderhn@com.com,Male,$56.67,€10,68,¥596.17,£98.48
637,Pris,Tallman,ptallmanho@dot.gov,Female,$428.67,€71,53,¥151.17,£331.45
638,Fallon,Lucken,fluckenhp@a8.net,Female,$369.87,€305,95,¥818.75,£939.03
639,Saidee,Soaper,ssoaperhq@tiny.cc,Female,$243.14,€687,76,¥869.89,£132.19
640,Shaughn,Eltringham,seltringhamhr@ifeng.com,Male,$650.44,€665,52,¥322.26,£600.35
641,Layla,Iglesias,liglesiashs@arstechnica.com,Female,$33.54,€25,94,¥463.22,£551.39
642,Cos,Beven,cbevenht@bandcamp.com,Male,$832.33,€722,49,¥948.50,£545.80
643,Selle,De Giorgio,sdegiorgiohu@statcounter.com,Female,$982.91,€829,70,¥902.40,£901.59
644,Garwin,Andell,gandellhv@weibo.com,Male,$443.30,€107,61,¥879.53,£100.24
645,Jacqui,Halleybone,jhalleybonehw@washingtonpost.com,Female,$189.96,€990,75,¥43.02,£617.69
646,Bronnie,Turbefield,bturbefieldhx@deliciousdays.com,Male,$9.24,€552,96,¥727.52,£486.18
647,Jenny,Bottrill,jbottrillhy@devhub.com,Female,$275.47,€487,47,¥74.20,£1.00
648,Mack,Matkovic,mmatkovichz@blogs.com,Male,$618.48,€103,73,¥351.25,£514.19
649,Eve,Rase,erasei0@bloomberg.com,Female,$102.51,€865,14,¥11.04,£54.54
650,Cletus,Kindread,ckindreadi1@pinterest.com,Male,$370.19,€24,03,¥553.51,£305.47
651,Fair,Vasyatkin,fvasyatkini2@pinterest.com,Male,$488.15,€906,78,¥534.36,£280.15
652,Kele,Liffey,kliffeyi3@devhub.com,Male,$37.55,€991,34,¥376.16,£680.50
653,Udell,Georgescu,ugeorgescui4@yahoo.co.jp,Male,$986.56,€229,78,¥659.08,£585.09
654,Cynthie,Redgrave,credgravei5@un.org,Female,$544.41,€731,54,¥894.99,£778.03
655,Sax,Antognetti,santognettii6@163.com,Male,$516.71,€838,76,¥472.38,£913.84
656,Jere,Snaddon,jsnaddoni7@yolasite.com,Female,$974.18,€335,63,¥671.34,£239.23
657,Stevana,Dumbleton,sdumbletoni8@taobao.com,Female,$235.12,€958,40,¥44.58,£4.56
658,Holden,Bing,hbingi9@bbc.co.uk,Male,$327.69,€253,21,¥744.97,£899.53
659,Martica,Condon,mcondonia@blogger.com,Female,$179.31,€48,07,¥855.39,£352.61
660,Brennen,Crooke,bcrookeib@artisteer.com,Male,$500.22,€615,77,¥136.86,£208.82
661,Rozanne,Beyne,rbeyneic@smugmug.com,Female,$658.96,€629,08,¥234.88,£379.30
662,Araldo,Ciobutaru,aciobutaruid@bravesites.com,Male,$706.07,€558,54,¥367.41,£262.52
663,Adrianna,MacCaig,amaccaigie@desdev.cn,Female,$88.79,€620,53,¥229.57,£737.31
664,Othelia,Dight,odightif@altervista.org,Female,$733.96,€661,19,¥580.23,£321.36
665,Amitie,Esp,aespig@storify.com,Female,$738.65,€362,44,¥677.66,£23.55
666,Vanya,Gummary,vgummaryih@dot.gov,Male,$215.18,€907,98,¥66.63,£202.24
667,Ansell,Moncreiffe,amoncreiffeii@mapquest.com,Male,$586.58,€476,55,¥926.79,£768.30
668,Katlin,Daout,kdaoutij@bluehost.com,Female,$48.71,€416,72,¥127.69,£205.94
669,Rudy,Kesby,rkesbyik@163.com,Male,$249.15,€236,12,¥968.47,£299.56
670,Mil,Yakunchikov,myakunchikovil@va.gov,Female,$171.23,€570,99,¥942.22,£214.81
671,Aland,Tees,ateesim@ox.ac.uk,Male,$702.71,€222,69,¥212.45,£412.73
672,Constancy,Neem,cneemin@alexa.com,Female,$738.87,€730,54,¥44.48,£684.91
673,Sully,Breckon,sbreckonio@whitehouse.gov,Male,$298.29,€271,06,¥121.38,£502.81
674,Sigfried,Ronci,sronciip@amazon.co.jp,Male,$665.35,€346,54,¥943.20,£934.41
675,Anatollo,Jessope,ajessopeiq@digg.com,Male,$933.12,€787,33,¥615.06,£488.87
676,Lief,Haselup,lhaselupir@prnewswire.com,Male,$699.00,€858,63,¥339.08,£218.27
677,Sibby,Ferrey,sferreyis@typepad.com,Female,$832.24,€868,64,¥189.34,£695.60
678,Hillyer,Gommes,hgommesit@ask.com,Male,$81.91,€227,39,¥103.26,£616.24
679,Evelin,Guerrier,eguerrieriu@goodreads.com,Male,$675.98,€272,34,¥195.56,£497.63
680,Cullen,Hailey,chaileyiv@chron.com,Male,$790.48,€901,00,¥773.11,£788.88
681,Cleavland,Wiffill,cwiffilliw@dmoz.org,Male,$780.72,€169,85,¥451.19,£631.67
682,Aldis,Kettlestringes,akettlestringesix@ihg.com,Male,$375.20,€94,89,¥341.07,£537.60
683,Wolfgang,Santori,wsantoriiy@harvard.edu,Male,$324.03,€696,96,¥703.81,£429.03
684,Marthe,Kamen,mkameniz@europa.eu,Female,$132.39,€454,74,¥97.68,£916.74
685,Pren,Cookney,pcookneyj0@sciencedaily.com,Male,$585.07,€2,55,¥623.41,£758.01
686,Avigdor,Lovegrove,alovegrovej1@dailymail.co.uk,Male,$673.48,€81,25,¥639.72,£968.17
687,Ignacius,Vaune,ivaunej2@moonfruit.com,Male,$556.39,€267,09,¥735.70,£65.92
688,Britt,Kringe,bkringej3@imdb.com,Female,$605.62,€935,13,¥173.70,£639.83
689,Betteanne,Vanyutin,bvanyutinj4@nymag.com,Female,$375.22,€837,18,¥400.33,£615.90
690,Addy,Kernes,akernesj5@cnet.com,Male,$434.55,€236,48,¥112.66,£58.52
691,Ole,Dagworthy,odagworthyj6@indiatimes.com,Male,$641.26,€273,13,¥264.47,£570.16
692,Dianna,Dunton,dduntonj7@w3.org,Female,$142.61,€2,47,¥852.91,£699.43
693,Karel,Becker,kbeckerj8@skype.com,Female,$973.57,€525,37,¥527.99,£583.14
694,Melvyn,Zipsell,mzipsellj9@time.com,Male,$509.57,€337,80,¥930.60,£470.12
695,See,Keogh,skeoghja@slideshare.net,Male,$834.45,€876,98,¥845.44,£771.07
696,Carr,Nichol,cnicholjb@cisco.com,Male,$925.63,€768,87,¥877.45,£136.92
697,Amery,Warder,awarderjc@exblog.jp,Male,$44.70,€216,52,¥646.45,£820.52
698,Leticia,Mitchener,lmitchenerjd@columbia.edu,Female,$364.20,€262,48,¥781.42,£560.27
699,Skippie,Boullen,sboullenje@usnews.com,Male,$188.44,€125,49,¥209.89,£129.03
700,Rodrique,Tregiddo,rtregiddojf@4shared.com,Male,$471.87,€373,98,¥885.23,£767.39
701,Nigel,Castagneri,ncastagnerijg@china.com.cn,Male,$666.77,€493,52,¥920.87,£947.73
702,Andrej,Ivic,aivicjh@squidoo.com,Male,$659.11,€882,85,¥560.71,£363.21
703,Jewell,Goward,jgowardji@ed.gov,Female,$696.41,€392,59,¥730.24,£692.34
704,Emmaline,Ambrois,eambroisjj@slate.com,Female,$555.95,€811,04,¥881.45,£259.98
705,Domenico,Abson,dabsonjk@uiuc.edu,Male,$310.42,€282,39,¥931.08,£334.56
706,Mordecai,Durward,mdurwardjl@dion.ne.jp,Male,$992.67,€958,58,¥360.31,£565.15
707,Bald,Peinke,bpeinkejm@deliciousdays.com,Male,$307.39,€571,18,¥213.24,£911.47
708,Donnell,Hauxby,dhauxbyjn@w3.org,Male,$681.75,€915,35,¥493.57,£983.02
709,Emelyne,Robker,erobkerjo@prlog.org,Female,$763.13,€259,22,¥136.41,£496.40
710,Hewett,Tooher,htooherjp@weebly.com,Male,$848.76,€343,26,¥937.47,£59.10
711,Philbert,Eake,peakejq@qq.com,Male,$338.55,€569,73,¥33.43,£726.58
712,Jacenta,Headington,jheadingtonjr@issuu.com,Female,$922.00,€325,83,¥478.96,£412.66
713,Charmine,Oldfield,coldfieldjs@scientificamerican.com,Female,$423.36,€375,48,¥163.88,£701.64
714,Gunilla,Gladwish,ggladwishjt@rakuten.co.jp,Female,$260.97,€501,35,¥607.72,£712.94
715,Alard,Hobbert,ahobbertju@utexas.edu,Male,$142.41,€983,73,¥133.60,£726.93
716,Salomon,Chesters,schestersjv@europa.eu,Male,$263.84,€126,61,¥654.06,£526.75
717,Yoko,Quittonden,yquittondenjw@biglobe.ne.jp,Female,$407.32,€938,46,¥493.48,£648.16
718,Ax,Borles,aborlesjx@cbc.ca,Male,$946.92,€221,72,¥203.70,£83.84
719,Godwin,Ruston,grustonjy@sbwire.com,Male,$113.41,€111,62,¥102.36,£916.89
720,Elsy,Cinderey,ecindereyjz@aol.com,Female,$28.38,€94,26,¥765.69,£602.72
721,Wilma,Jerrom,wjerromk0@state.gov,Female,$108.76,€717,59,¥889.90,£524.70
722,Jeanelle,Maskell,jmaskellk1@fema.gov,Female,$592.06,€995,83,¥555.75,£804.96
723,Koressa,Gonsalvo,kgonsalvok2@imdb.com,Female,$484.10,€481,27,¥592.76,£530.31
724,Moises,Ragbourne,mragbournek3@163.com,Male,$841.90,€872,03,¥467.32,£708.11
725,Frederigo,Wadeson,fwadesonk4@drupal.org,Male,$339.00,€739,33,¥826.90,£514.40
726,Levey,Main,lmaink5@webmd.com,Male,$537.25,€910,53,¥956.49,£288.58
727,Case,Writtle,cwrittlek6@webmd.com,Male,$369.65,€596,42,¥880.83,£394.83
728,Lulita,Gotobed,lgotobedk7@aboutads.info,Female,$738.89,€280,19,¥966.63,£179.71
729,Lenka,Noblet,lnobletk8@phpbb.com,Female,$964.94,€953,37,¥159.48,£568.02
730,Bobbee,Portingale,bportingalek9@bbc.co.uk,Female,$674.79,€603,18,¥935.09,£378.48
731,Jami,Keems,jkeemska@slideshare.net,Female,$446.38,€17,13,¥689.55,£948.99
732,Morna,Toffaloni,mtoffalonikb@bbb.org,Female,$691.71,€413,20,¥171.31,£239.43
733,Jacquie,Scandrite,jscandritekc@jalbum.net,Female,$128.61,€515,32,¥721.56,£598.46
734,Darbee,Shallow,dshallowkd@admin.ch,Male,$324.27,€443,53,¥556.65,£925.55
735,Julian,Watkiss,jwatkisske@thetimes.co.uk,Male,$443.53,€117,39,¥346.46,£571.59
736,Rafi,Lyenyng,rlyenyngkf@usatoday.com,Male,$46.37,€257,76,¥612.27,£356.53
737,Kerry,Rabat,krabatkg@patch.com,Male,$347.77,€952,72,¥755.46,£30.22
738,Winfield,Skeggs,wskeggskh@webeden.co.uk,Male,$995.97,€804,13,¥411.72,£47.09
739,Carleton,Lidgett,clidgettki@purevolume.com,Male,$130.84,€651,43,¥657.75,£802.96
740,Rozelle,Gittens,rgittenskj@cpanel.net,Female,$800.29,€737,46,¥309.29,£965.57
741,Hew,Eustanch,heustanchkk@istockphoto.com,Male,$71.84,€575,15,¥322.65,£573.61
742,Ava,Matijasevic,amatijasevickl@51.la,Female,$294.37,€178,58,¥51.68,£588.55
743,Issiah,O'Regan,ioregankm@newyorker.com,Male,$505.24,€415,28,¥433.86,£323.21
744,Addie,Daily,adailykn@digg.com,Female,$487.44,€852,11,¥401.67,£637.74
745,Roxana,Alexandre,ralexandreko@privacy.gov.au,Female,$370.48,€880,70,¥793.25,£349.34
746,Margy,Cecere,mcecerekp@sohu.com,Female,$36.14,€331,19,¥182.98,£303.30
747,Ritchie,Lidgertwood,rlidgertwoodkq@nature.com,Male,$474.16,€423,10,¥257.15,£542.05
748,Corbett,Tyndall,ctyndallkr@bloglovin.com,Male,$653.01,€567,07,¥243.19,£688.30
749,Otto,Smither,osmitherks@intel.com,Male,$865.02,€885,88,¥486.81,£550.03
750,Everard,Persehouse,epersehousekt@mayoclinic.com,Male,$66.60,€571,20,¥926.06,£128.06
751,Swen,Blaw,sblawku@ifeng.com,Male,$736.99,€233,11,¥876.13,£957.42
752,Ddene,Lowdyane,dlowdyanekv@hao123.com,Female,$147.54,€914,08,¥374.33,£76.53
753,Kate,Harberer,kharbererkw@creativecommons.org,Female,$370.94,€980,36,¥899.37,£494.50
754,Claus,Spencer,cspencerkx@sciencedirect.com,Male,$900.19,€142,20,¥82.85,£518.93
755,Munroe,Paulmann,mpaulmannky@simplemachines.org,Male,$144.80,€156,01,¥627.21,£701.57
756,Winifred,Clemmey,wclemmeykz@github.io,Female,$113.74,€547,14,¥345.39,£277.26
757,Damon,Walding,dwaldingl0@mysql.com,Male,$734.37,€270,45,¥774.86,£454.95
758,Mordy,Surmeir,msurmeirl1@alexa.com,Male,$846.66,€175,30,¥525.06,£800.28
759,Johnny,Maccrie,jmaccriel2@nature.com,Male,$30.51,€515,44,¥374.22,£477.64
760,Dudley,Grogan,dgroganl3@usda.gov,Male,$19.72,€584,87,¥172.29,£849.14
761,Darryl,Alwen,dalwenl4@storify.com,Female,$671.87,€79,16,¥700.79,£13.26
762,Shea,Claydon,sclaydonl5@hatena.ne.jp,Female,$398.06,€102,27,¥947.83,£990.51
763,Denise,Oselton,doseltonl6@nbcnews.com,Female,$128.90,€222,01,¥688.18,£277.49
764,Dacie,Beert,dbeertl7@flavors.me,Female,$48.35,€611,96,¥905.60,£359.40
765,Niven,Jurges,njurgesl8@discovery.com,Male,$628.77,€410,28,¥173.41,£365.29
766,Ruddie,Winsome,rwinsomel9@guardian.co.uk,Male,$282.64,€977,37,¥913.47,£1.18
767,Shanda,Creasy,screasyla@comsenz.com,Female,$420.81,€5,12,¥915.79,£705.32
768,Gilli,Belham,gbelhamlb@sun.com,Female,$448.18,€112,23,¥767.34,£793.27
769,Daryle,Sudron,dsudronlc@addthis.com,Male,$400.76,€144,15,¥43.52,£3.70
770,Ruperta,Anthes,ranthesld@blogs.com,Female,$515.51,€991,81,¥372.24,£239.57
771,Euell,Edge,eedgele@columbia.edu,Male,$94.44,€325,46,¥354.75,£399.86
772,Lydia,Winson,lwinsonlf@about.me,Female,$410.03,€592,33,¥71.96,£997.08
773,Edy,Prantoni,eprantonilg@umich.edu,Female,$379.55,€94,74,¥644.81,£136.52
774,Tremaine,Lenton,tlentonlh@ftc.gov,Male,$422.85,€573,38,¥161.27,£79.78
775,Emanuele,Mayworth,emayworthli@ed.gov,Male,$624.73,€733,46,¥935.73,£434.69
776,Bianca,Tibols,btibolslj@mit.edu,Female,$0.02,€989,16,¥844.72,£560.13
777,Warden,Kitchiner,wkitchinerlk@flavors.me,Male,$314.14,€70,89,¥894.03,£750.39
778,Brew,Fruin,bfruinll@ucsd.edu,Male,$821.11,€625,12,¥432.80,£808.19
779,Twyla,Argente,targentelm@scientificamerican.com,Female,$385.65,€741,36,¥273.56,£322.61
780,Mayne,Harkins,mharkinsln@merriam-webster.com,Male,$846.08,€824,38,¥885.63,£833.03
781,Marsha,Agirre,magirrelo@miibeian.gov.cn,Female,$230.98,€851,32,¥758.44,£153.71
782,Royall,Pentycost,rpentycostlp@elegantthemes.com,Male,$292.36,€967,30,¥865.42,£700.57
783,Estevan,Dollar,edollarlq@sakura.ne.jp,Male,$492.86,€363,94,¥243.58,£372.79
784,Niven,Isson,nissonlr@friendfeed.com,Male,$447.45,€990,08,¥556.51,£185.11
785,Liesa,Blood,lbloodls@cnbc.com,Female,$838.13,€447,90,¥89.96,£589.00
786,Woodman,Leiden,wleidenlt@theglobeandmail.com,Male,$350.05,€436,25,¥863.46,£275.97
787,Regina,Girt,rgirtlu@harvard.edu,Female,$367.06,€196,82,¥179.42,£385.96
788,Mariel,Rustadge,mrustadgelv@privacy.gov.au,Female,$923.53,€771,94,¥901.59,£996.11
789,Janette,Crasswell,jcrasswelllw@si.edu,Female,$477.41,€370,58,¥348.92,£291.14
790,Valentine,Garth,vgarthlx@disqus.com,Male,$189.25,€738,15,¥479.42,£934.75
791,Rem,Gibling,rgiblingly@1und1.de,Male,$229.21,€313,61,¥68.77,£116.84
792,Wit,Gumbrell,wgumbrelllz@xinhuanet.com,Male,$242.18,€546,93,¥225.96,£182.24
793,Stepha,Newis,snewism0@hhs.gov,Female,$736.82,€436,55,¥980.20,£547.12
794,Effie,Fawcitt,efawcittm1@prlog.org,Female,$783.19,€444,03,¥516.57,£828.44
795,Adina,Meneghi,ameneghim2@bandcamp.com,Female,$221.79,€885,03,¥577.35,£87.79
796,Pauletta,Papes,ppapesm3@seattletimes.com,Female,$637.25,€860,68,¥587.55,£570.63
797,Dominica,Gellately,dgellatelym4@ow.ly,Female,$200.23,€169,30,¥999.72,£864.47
798,Farleigh,Megahey,fmegaheym5@vk.com,Male,$676.13,€293,69,¥79.59,£713.73
799,Alyss,Bartel,abartelm6@xinhuanet.com,Female,$785.59,€485,23,¥959.73,£325.71
800,Alexina,Gamlen,agamlenm7@virginia.edu,Female,$516.98,€652,76,¥501.80,£315.83
801,Jonell,Insoll,jinsollm8@shop-pro.jp,Female,$91.30,€89,93,¥287.41,£283.92
802,Piggy,De Bruyne,pdebruynem9@flickr.com,Male,$100.78,€398,64,¥63.83,£751.34
803,Ramon,Hatherley,rhatherleyma@hao123.com,Male,$488.32,€7,85,¥394.30,£784.28
804,Zackariah,Fitzjohn,zfitzjohnmb@marketwatch.com,Male,$537.99,€303,63,¥478.77,£339.38
805,Trevar,Daley,tdaleymc@pbs.org,Male,$509.34,€406,65,¥901.51,£148.21
806,Etty,Whittlesee,ewhittleseemd@auda.org.au,Female,$872.51,€592,38,¥284.02,£97.42
807,Tricia,Philippeaux,tphilippeauxme@gov.uk,Female,$877.02,€13,93,¥671.80,£931.90
808,Creighton,Gooderick,cgooderickmf@i2i.jp,Male,$885.55,€424,77,¥447.59,£371.66
809,Nina,Wadforth,nwadforthmg@over-blog.com,Female,$863.19,€562,77,¥486.96,£317.79
810,Fernande,Rhoades,frhoadesmh@jimdo.com,Female,$980.67,€988,12,¥743.90,£167.72
811,Rex,Grishenkov,rgrishenkovmi@flavors.me,Male,$90.27,€718,43,¥676.47,£824.02
812,Carmelia,Abrashkov,cabrashkovmj@pinterest.com,Female,$373.42,€219,60,¥493.68,£815.76
813,Christyna,Pallent,cpallentmk@engadget.com,Female,$613.08,€911,65,¥788.29,£205.40
814,Marinna,Topping,mtoppingml@omniture.com,Female,$692.69,€950,03,¥250.10,£161.10
815,Carissa,Cord,ccordmm@ucoz.ru,Female,$122.69,€713,55,¥489.46,£115.42
816,Ewan,Clemenson,eclemensonmn@vkontakte.ru,Male,$400.67,€709,63,¥656.30,£342.49
817,Timofei,Grimsdyke,tgrimsdykemo@sun.com,Male,$618.19,€903,03,¥918.72,£762.62
818,Filip,Ilyushkin,filyushkinmp@de.vu,Male,$365.09,€538,52,¥370.52,£770.32
819,Lorita,Wraight,lwraightmq@example.com,Female,$988.16,€516,74,¥51.79,£701.50
820,Augustine,Dunbobin,adunbobinmr@goo.gl,Male,$594.62,€681,69,¥379.67,£119.95
821,Ileane,Carles,icarlesms@gmpg.org,Female,$2.99,€933,75,¥15.30,£391.94
822,Clywd,Battin,cbattinmt@ehow.com,Male,$385.87,€815,92,¥616.47,£307.73
823,Ophelia,Mellodey,omellodeymu@huffingtonpost.com,Female,$313.71,€687,88,¥280.89,£25.47
824,Fleming,Eggleston,fegglestonmv@rakuten.co.jp,Male,$623.50,€276,99,¥777.06,£264.71
825,Korie,Wardrop,kwardropmw@craigslist.org,Female,$318.49,€442,47,¥230.58,£196.63
826,Corrie,Merritt,cmerrittmx@home.pl,Female,$444.63,€839,87,¥868.97,£291.88
827,Koral,Eason,keasonmy@sina.com.cn,Female,$989.36,€502,26,¥796.80,£179.81
828,Cassie,Lunt,cluntmz@multiply.com,Female,$32.03,€87,66,¥687.24,£920.55
829,Elissa,Pepperell,epepperelln0@sphinn.com,Female,$241.01,€974,68,¥730.04,£761.52
830,Guillermo,Hacon,ghaconn1@squidoo.com,Male,$917.03,€781,50,¥375.72,£36.82
831,George,Dunning,gdunningn2@ameblo.jp,Male,$42.57,€437,49,¥679.64,£420.34
832,Egon,Chippin,echippinn3@cafepress.com,Male,$145.01,€589,67,¥210.16,£699.08
833,Gunther,Litzmann,glitzmannn4@hubpages.com,Male,$482.05,€49,38,¥165.07,£605.19
834,Karim,Barlass,kbarlassn5@bigcartel.com,Male,$816.98,€576,90,¥849.59,£842.44
835,Ailis,Quelch,aquelchn6@comcast.net,Female,$507.20,€268,58,¥594.29,£896.04
836,Bennie,MacCaughey,bmaccaugheyn7@reuters.com,Male,$313.72,€88,82,¥423.84,£108.59
837,Christalle,Apperley,capperleyn8@dion.ne.jp,Female,$761.61,€220,84,¥720.26,£895.16
838,Sonny,Bantock,sbantockn9@icq.com,Male,$480.78,€108,91,¥488.31,£745.87
839,Sharron,McCord,smccordna@addthis.com,Female,$106.27,€131,89,¥503.45,£901.83
840,Francklin,Craghead,fcragheadnb@microsoft.com,Male,$514.19,€504,57,¥437.14,£162.92
841,Colas,Dominichetti,cdominichettinc@wikimedia.org,Male,$500.62,€297,52,¥52.18,£865.71
842,Gussy,Balhatchet,gbalhatchetnd@surveymonkey.com,Female,$39.80,€768,67,¥133.76,£970.58
843,Nonna,Mapis,nmapisne@vk.com,Female,$152.89,€636,69,¥508.21,£489.96
844,Mona,Willicott,mwillicottnf@china.com.cn,Female,$395.25,€325,93,¥894.30,£904.21
845,Amalle,Kilborn,akilbornng@addthis.com,Female,$759.30,€553,05,¥383.33,£779.23
846,Standford,Whoston,swhostonnh@zimbio.com,Male,$385.55,€527,39,¥680.41,£271.13
847,Gaspard,Foli,gfolini@oracle.com,Male,$782.95,€534,26,¥739.92,£969.60
848,Murdoch,Corsham,mcorshamnj@cornell.edu,Male,$203.50,€925,60,¥982.38,£11.52
849,Andria,Babbs,ababbsnk@businessweek.com,Female,$194.00,€594,49,¥252.69,£947.18
850,Derrick,Soppit,dsoppitnl@360.cn,Male,$326.34,€54,42,¥497.89,£172.96
851,Perrine,Archley,parchleynm@oracle.com,Female,$31.98,€811,74,¥162.28,£87.61
852,Gabrila,Flewin,gflewinnn@newsvine.com,Female,$837.93,€51,25,¥476.89,£297.32
853,Berte,Denne,bdenneno@over-blog.com,Female,$475.21,€83,76,¥217.93,£42.73
854,Sonya,Schechter,sschechternp@ucla.edu,Female,$451.46,€527,83,¥26.40,£651.83
855,Imelda,Andrieu,iandrieunq@phpbb.com,Female,$458.53,€600,90,¥211.25,£184.06
856,Correy,Brookfield,cbrookfieldnr@ca.gov,Male,$731.62,€147,17,¥619.35,£844.62
857,Bridie,Pohls,bpohlsns@earthlink.net,Female,$333.15,€967,04,¥151.32,£399.18
858,Teodoor,Fliege,tfliegent@irs.gov,Male,$130.81,€46,34,¥366.08,£442.12
859,Corilla,Rayment,craymentnu@macromedia.com,Female,$37.19,€148,25,¥634.12,£570.96
860,Maure,Polye,mpolyenv@topsy.com,Female,$670.00,€28,37,¥158.38,£38.63
861,Marji,Hansell,mhansellnw@plala.or.jp,Female,$45.00,€650,81,¥835.89,£299.47
862,Marne,Joscelyn,mjoscelynnx@oakley.com,Female,$898.27,€71,44,¥406.42,£618.69
863,Jefferey,Poll,jpollny@webmd.com,Male,$571.37,€664,42,¥311.43,£103.17
864,Terrie,McCosker,tmccoskernz@boston.com,Female,$981.86,€402,73,¥145.72,£490.87
865,Dwight,Iamittii,diamittiio0@theatlantic.com,Male,$998.51,€801,61,¥319.92,£813.46
866,Valentino,Oxbury,voxburyo1@yellowbook.com,Male,$965.96,€827,17,¥13.26,£766.47
867,Jules,Flintoff,jflintoffo2@nature.com,Male,$699.88,€504,59,¥117.43,£668.91
868,Mariska,Lere,mlereo3@who.int,Female,$859.78,€696,68,¥900.67,£89.75
869,Maurice,Suston,msustono4@so-net.ne.jp,Male,$553.67,€632,67,¥101.14,£393.74
870,Roosevelt,Mistry,rmistryo5@comcast.net,Male,$481.42,€819,98,¥476.04,£397.30
871,Clarence,Sreenan,csreenano6@godaddy.com,Male,$441.42,€644,27,¥610.94,£604.23
872,Kendricks,Paffot,kpaffoto7@va.gov,Male,$467.62,€243,01,¥471.13,£117.33
873,Lazarus,Mityashev,lmityashevo8@nih.gov,Male,$216.70,€468,56,¥752.43,£532.23
874,Janot,Nozzolii,jnozzoliio9@mit.edu,Female,$291.33,€260,80,¥574.12,£215.58
875,Carol-jean,Miskimmon,cmiskimmonoa@plala.or.jp,Female,$591.49,€655,63,¥118.01,£469.50
876,Allie,Kingscote,akingscoteob@issuu.com,Female,$367.49,€733,23,¥25.99,£862.45
877,Hughie,Hopkynson,hhopkynsonoc@myspace.com,Male,$398.14,€300,15,¥191.10,£339.56
878,Archer,Cokely,acokelyod@intel.com,Male,$245.70,€39,38,¥465.98,£78.02
879,Glyn,Matushenko,gmatushenkooe@howstuffworks.com,Female,$367.09,€41,30,¥93.78,£784.63
880,Berna,Dashper,bdashperof@bloglines.com,Female,$931.30,€503,51,¥939.10,£621.44
881,Ashlie,Mathan,amathanog@reddit.com,Female,$258.33,€371,95,¥544.85,£746.93
882,Ansell,Tremblot,atremblotoh@toplist.cz,Male,$643.90,€847,65,¥382.10,£658.68
883,Rickey,Paulson,rpaulsonoi@msu.edu,Male,$639.13,€409,67,¥712.46,£365.25
884,Saxe,Parkins,sparkinsoj@ftc.gov,Male,$918.08,€420,67,¥170.30,£152.16
885,Jermaine,Gossage,jgossageok@arizona.edu,Female,$104.58,€283,26,¥493.99,£389.17
886,Demetris,Horley,dhorleyol@cbsnews.com,Female,$249.84,€812,57,¥939.26,£480.30
887,Jessalin,Parmer,jparmerom@whitehouse.gov,Female,$866.39,€145,29,¥216.12,£69.56
888,Ashli,Bealton,abealtonon@craigslist.org,Female,$9.87,€870,59,¥497.39,£826.18
889,Franny,Leidl,fleidloo@aol.com,Female,$132.08,€619,63,¥314.61,£751.10
890,Sebastian,Truesdale,struesdaleop@theatlantic.com,Male,$461.39,€249,31,¥509.24,£97.57
891,Page,Fownes,pfownesoq@usnews.com,Male,$942.15,€731,53,¥423.57,£429.87
892,Victor,Coling,vcolingor@vinaora.com,Male,$440.63,€530,75,¥499.68,£933.62
893,Marleah,Udall,mudallos@wsj.com,Female,$36.21,€926,29,¥537.14,£302.94
894,Norby,Tebb,ntebbot@comcast.net,Male,$390.17,€400,34,¥955.82,£543.74
895,Mordecai,Brocking,mbrockingou@hc360.com,Male,$758.85,€261,73,¥158.28,£781.94
896,Cord,Moralee,cmoraleeov@moonfruit.com,Male,$756.33,€726,06,¥159.67,£188.05
897,Inger,O'Carroll,iocarrollow@surveymonkey.com,Male,$651.70,€479,83,¥870.54,£453.27
898,Hirsch,Lassell,hlassellox@cmu.edu,Male,$418.05,€747,35,¥899.65,£262.76
899,Charity,Chasmer,cchasmeroy@google.co.jp,Female,$528.72,€573,15,¥870.70,£415.30
900,Mischa,McKee,mmckeeoz@xrea.com,Male,$952.18,€194,87,¥614.65,£875.55
901,Ignazio,Ferryman,iferrymanp0@yelp.com,Male,$869.48,€749,71,¥395.10,£616.35
902,Angela,Volet,avoletp1@wikimedia.org,Female,$893.15,€296,38,¥67.58,£484.00
903,Alexis,Jaxon,ajaxonp2@bbb.org,Male,$341.55,€563,76,¥837.74,£539.04
904,Gabriellia,Causey,gcauseyp3@wikispaces.com,Female,$430.37,€439,02,¥105.60,£190.56
905,Roseanne,Matessian,rmatessianp4@nhs.uk,Female,$942.86,€36,57,¥787.43,£257.33
906,Raffaello,Physic,rphysicp5@hc360.com,Male,$394.22,€640,97,¥226.67,£179.43
907,Paton,Drakeley,pdrakeleyp6@jigsy.com,Male,$914.68,€43,55,¥270.69,£350.13
908,Otes,Deare,odearep7@over-blog.com,Male,$255.57,€114,91,¥904.79,£220.54
909,Syd,Heiden,sheidenp8@globo.com,Male,$234.36,€390,34,¥315.85,£544.49
910,Genia,Ferryn,gferrynp9@free.fr,Female,$779.69,€856,69,¥882.35,£376.77
911,Nesta,Catford,ncatfordpa@wikispaces.com,Female,$405.19,€309,14,¥263.26,£58.49
912,Gordon,Cloutt,gclouttpb@rediff.com,Male,$56.05,€354,53,¥444.17,£336.75
913,Zacharie,Glazier,zglazierpc@oakley.com,Male,$312.30,€774,04,¥809.76,£754.07
914,Morgana,Oxer,moxerpd@slate.com,Female,$686.92,€776,91,¥664.32,£503.12
915,Sianna,Ammer,sammerpe@bravesites.com,Female,$234.01,€919,87,¥988.80,£957.51
916,Kacey,Goschalk,kgoschalkpf@istockphoto.com,Female,$533.37,€952,34,¥338.27,£893.22
917,Dexter,Meus,dmeuspg@nsw.gov.au,Male,$79.29,€181,15,¥294.15,£207.11
918,Marigold,Jacobowicz,mjacobowiczph@google.de,Female,$676.67,€81,89,¥881.18,£797.08
919,Aigneis,Brooking,abrookingpi@ed.gov,Female,$409.98,€285,63,¥149.22,£319.64
920,Daven,Copyn,dcopynpj@examiner.com,Male,$215.13,€70,30,¥259.10,£920.26
921,Yule,Spellward,yspellwardpk@a8.net,Male,$459.76,€217,03,¥315.64,£858.12
922,Jackquelin,Dri,jdripl@exblog.jp,Female,$456.88,€96,11,¥325.76,£315.10
923,Raddy,Lune,rlunepm@csmonitor.com,Male,$432.64,€571,72,¥533.73,£860.45
924,Tristan,Bostock,tbostockpn@shop-pro.jp,Male,$478.74,€719,17,¥114.36,£428.25
925,Nelia,Dovydenas,ndovydenaspo@stanford.edu,Female,$345.89,€141,14,¥316.89,£22.67
926,Germana,Stovell,gstovellpp@marketwatch.com,Female,$24.85,€285,02,¥980.96,£552.74
927,Jennette,Flint,jflintpq@youtube.com,Female,$761.23,€335,27,¥425.76,£39.69
928,Margaretta,Osbiston,mosbistonpr@reddit.com,Female,$767.68,€532,53,¥333.05,£746.16
929,Mike,Swepstone,mswepstoneps@irs.gov,Male,$509.59,€502,49,¥605.57,£484.48
930,Jessee,Plaschke,jplaschkept@cnbc.com,Male,$413.39,€295,64,¥120.89,£82.98
931,Emmi,Georgeon,egeorgeonpu@marriott.com,Female,$39.72,€443,37,¥378.50,£811.55
932,Honor,Butner,hbutnerpv@amazonaws.com,Female,$714.17,€258,61,¥144.40,£596.26
933,Denver,Gepp,dgepppw@elegantthemes.com,Male,$475.69,€927,29,¥363.29,£283.96
934,Katuscha,Bakster,kbaksterpx@hatena.ne.jp,Female,$994.35,€90,16,¥988.82,£876.21
935,Baily,Ruttgers,bruttgerspy@slate.com,Male,$215.23,€633,59,¥969.27,£94.29
936,Ferris,Ehrat,fehratpz@yellowpages.com,Male,$429.01,€8,01,¥247.87,£652.98
937,Maisey,Ziehms,mziehmsq0@boston.com,Female,$809.25,€251,69,¥77.23,£298.56
938,Burnaby,Cockell,bcockellq1@engadget.com,Male,$963.93,€978,74,¥365.33,£787.04
939,Demetrius,Truluck,dtruluckq2@epa.gov,Male,$222.27,€656,71,¥131.24,£830.66
940,Bernetta,Tilbury,btilburyq3@paypal.com,Female,$754.26,€778,84,¥489.92,£911.23
941,Chloe,Eslemont,ceslemontq4@washington.edu,Female,$247.51,€595,85,¥131.47,£485.25
942,Auguste,Grioli,agrioliq5@moonfruit.com,Female,$94.11,€52,57,¥122.51,£710.66
943,Goldarina,Gerner,ggernerq6@storify.com,Female,$194.53,€648,52,¥838.23,£665.16
944,Gayleen,Dewett,gdewettq7@examiner.com,Female,$421.52,€744,02,¥687.86,£700.59
945,Christabella,Nudds,cnuddsq8@jugem.jp,Female,$830.77,€747,85,¥384.06,£31.61
946,Galen,Jankin,gjankinq9@hhs.gov,Male,$918.25,€936,86,¥895.63,£493.44
947,Lynn,Ainsworth,lainsworthqa@soundcloud.com,Female,$615.48,€685,98,¥238.27,£658.70
948,Toddy,Clowley,tclowleyqb@issuu.com,Male,$5.11,€416,23,¥238.55,£140.83
949,Anton,Tombs,atombsqc@chronoengine.com,Male,$9.01,€826,32,¥375.81,£341.08
950,Pieter,Forty,pfortyqd@wikispaces.com,Male,$227.04,€910,02,¥485.22,£595.98
951,Tilda,Duer,tduerqe@tumblr.com,Female,$224.67,€244,08,¥309.60,£751.00
952,Conn,Tantum,ctantumqf@intel.com,Male,$839.43,€492,97,¥651.92,£156.64
953,Bonnee,Toombes,btoombesqg@google.ru,Female,$767.00,€190,96,¥536.00,£144.01
954,Sebastien,Tuttiett,stuttiettqh@ted.com,Male,$162.73,€879,56,¥612.70,£17.37
955,Leland,Kenset,lkensetqi@goo.ne.jp,Male,$801.19,€888,06,¥130.57,£226.14
956,Benyamin,Staziker,bstazikerqj@squarespace.com,Male,$201.04,€64,30,¥101.47,£332.87
957,Hadley,Worsham,hworshamqk@wordpress.org,Male,$498.51,€149,27,¥903.35,£291.23
958,Marthe,McEnhill,mmcenhillql@reuters.com,Female,$829.33,€498,01,¥429.13,£251.49
959,Palmer,Walklot,pwalklotqm@webnode.com,Male,$598.09,€163,38,¥857.82,£406.76
960,Keelby,Leggen,kleggenqn@un.org,Male,$93.09,€507,87,¥672.81,£487.77
961,Lucia,Gregory,lgregoryqo@hostgator.com,Female,$408.23,€125,19,¥989.91,£383.25
962,Rubina,Steaning,rsteaningqp@weebly.com,Female,$91.65,€311,98,¥653.25,£629.24
963,Cari,Yirrell,cyirrellqq@uol.com.br,Female,$306.02,€761,21,¥455.91,£278.61
964,Tamra,Denziloe,tdenziloeqr@walmart.com,Female,$595.50,€1,73,¥792.35,£133.10
965,Petronilla,Sutch,psutchqs@elpais.com,Female,$313.70,€454,63,¥452.47,£382.53
966,Binni,Muncie,bmuncieqt@omniture.com,Female,$909.30,€683,13,¥683.23,£579.62
967,Bekki,Wellsman,bwellsmanqu@acquirethisname.com,Female,$114.49,€797,66,¥891.55,£269.96
968,Cleveland,Squirrel,csquirrelqv@hexun.com,Male,$112.26,€111,06,¥965.87,£969.50
969,Augustine,Rose,aroseqw@washingtonpost.com,Male,$28.26,€662,38,¥874.17,£312.36
970,Fiona,Hindes,fhindesqx@soup.io,Female,$748.13,€725,20,¥888.80,£205.27
971,Lombard,Tarbin,ltarbinqy@joomla.org,Male,$395.00,€681,39,¥865.85,£243.93
972,Flory,Gillimgham,fgillimghamqz@bandcamp.com,Female,$925.63,€644,89,¥57.47,£176.11
973,Kele,Gordon-Giles,kgordongilesr0@icio.us,Male,$467.11,€489,17,¥569.87,£613.85
974,Coleen,Huguet,chuguetr1@nhs.uk,Female,$654.64,€676,77,¥0.41,£572.04
975,Daffy,Fassbender,dfassbenderr2@newyorker.com,Female,$545.59,€609,16,¥203.47,£79.54
976,Gloriane,Clayton,gclaytonr3@globo.com,Female,$665.12,€910,02,¥327.86,£264.19
977,Krystyna,Claxton,kclaxtonr4@diigo.com,Female,$671.08,€468,99,¥830.42,£699.02
978,Keeley,Welchman,kwelchmanr5@thetimes.co.uk,Female,$191.29,€180,80,¥776.49,£558.24
979,Chrysa,Armes,carmesr6@devhub.com,Female,$205.25,€828,14,¥648.35,£617.29
980,Lisha,Brosini,lbrosinir7@homestead.com,Female,$169.81,€33,74,¥764.35,£96.60
981,Tandie,Gosnoll,tgosnollr8@unicef.org,Female,$407.25,€173,16,¥22.76,£483.68
982,Lancelot,Shimwell,lshimwellr9@nationalgeographic.com,Male,$844.39,€249,62,¥216.91,£225.53
983,Nowell,Myatt,nmyattra@yelp.com,Male,$236.93,€706,82,¥923.97,£731.65
984,Violet,Durtnel,vdurtnelrb@vkontakte.ru,Female,$568.65,€942,72,¥882.78,£742.32
985,Merralee,Braganca,mbragancarc@apple.com,Female,$442.53,€575,45,¥244.84,£53.00
986,Neysa,Hawgood,nhawgoodrd@jiathis.com,Female,$879.86,€249,03,¥599.20,£945.84
987,Babita,Grigoryov,bgrigoryovre@sina.com.cn,Female,$134.65,€33,94,¥995.69,£464.71
988,Stefano,Sennett,ssennettrf@a8.net,Male,$368.13,€667,21,¥255.32,£745.03
989,Modesta,Cutress,mcutressrg@disqus.com,Female,$826.85,€40,02,¥668.67,£500.40
990,Daria,Dunckley,ddunckleyrh@zdnet.com,Female,$113.24,€475,49,¥536.93,£250.24
991,Shellie,Alloisi,salloisiri@youku.com,Female,$534.83,€648,71,¥312.59,£218.32
992,Elsbeth,Donaldson,edonaldsonrj@utexas.edu,Female,$314.22,€45,51,¥421.16,£608.96
993,Son,Mummery,smummeryrk@reddit.com,Male,$121.52,€526,66,¥236.68,£316.03
994,Myrta,Cope,mcoperl@bluehost.com,Female,$381.28,€17,58,¥305.67,£154.64
995,Karilynn,Leamy,kleamyrm@cpanel.net,Female,$383.94,€797,93,¥338.36,£607.23
996,Winthrop,Dobinson,wdobinsonrn@sciencedaily.com,Male,$908.27,€97,23,¥930.68,£187.29
997,Germain,Shaves,gshavesro@salon.com,Male,$692.39,€612,63,¥921.99,£548.88
998,Trey,Goodall,tgoodallrp@g.co,Male,$771.35,€657,09,¥983.01,£495.31
999,Larry,Peret,lperetrq@cargocollective.com,Male,$926.45,€956,98,¥41.32,£290.04
1000,Lynnea,Fiddian,lfiddianrr@google.ca,Female,$431.49,€824,04,¥998.24,£120.15
